Workbook

Sheet DASHBOARD_KIEMDO
A1: DASHBOARD KIỂM DÒ ĐỐI SOÁT THUẾ GTGT - CÔNG TY ĐIỆN LỰC VŨNG TÀU
A2: Kỳ tính thuế: Tháng 09/2026 | Hệ Thống Tự Động Đồng Bộ & Đối Soát Dữ Liệu ERP
A4: THUẾ ĐẦU VÀO KHẤU TRỪ [25] | C4: THUẾ ĐẦU RA PHÁT SINH [28] | E4: THUẾ PHẢI NỘP / KHẤU TRỪ [36] | G4: TRẠNG THÁI KIỂM DÒ TỔNG THỂ
A5: ='TAXVTA'!F63 | C5: ='TAXVTA'!L63 | E5: ='TAXVTA'!F70 | G5: =IF(AND('TAXVTA'!K6=0,'TAXVTA'!C21=0,'TAXVTA'!G21=0,'TAXVTA'!K21=0,'TAXVTA'!C24=0,'TAXVTA'!G24=0,'TAXVTA'!K24=0,'TAXVTA'!K34=0),"KHỚP DỮ LIỆU (PASS)","LỆCH SỐ LIỆU (CẦN KIỂM TRA)")
A7: =IF('TAXVTA'!K74=60549888887, "✅ SỐ DƯ NỢ SPC CỐ ĐỊNH: 60.549.888.887 Đ (KHỚP CHUẨN - KHÔNG ĐƯỢC SAI LỆCH)", "🚨 CẢNH BÁO: SAI LỆCH SỐ DƯ NỢ SPC CỦA ĐƠN VỊ CŨ (YÊU CẦU CỐ ĐỊNH: 60.549.888.887 Đ)!")
A9: KHỐI 2: ĐỐI SOÁT DOANH SỐ & THUẾ ĐẦU VÀO (BẢNG KÊ TA36 vs SỔ CÁI 13311)
A10: STT | B10: Mã TK | C10: Nội Dung Diễn Giải | D10: Doanh Số TA36 | E10: Tiền Thuế TA36 | F10: Tiền Thuế Sổ Cái (13311) | G10: Chênh Lệch (TA36 - Sổ Cái) | H10: Trạng Thái
A11: 1 | B11: 13311 | C11: Thuế GTGT HHDV dùng chung SXKD | D11: ='TAXVTA'!D4 | E11: ='TAXVTA'!F4 | F11: ='TAXVTA'!J4 | G11: =E11-F11 | H11: =IF(G11=0,"OK","LỆCH")
A12: 2 | B12: 13313 | C12: Thuế GTGT hàng hóa TSCĐ / XDCB | D12: ='TAXVTA'!D5 | E12: ='TAXVTA'!F5 | F12: ='TAXVTA'!J5 | G12: =E12-F12 | H12: =IF(G12=0,"OK","LỆCH")
A13: Cộng | C13: TỔNG CỘNG ĐẦU VÀO | D13: =SUM(D11:D12) | E13: =SUM(E11:E12) | F13: =SUM(F11:F12) | G13: =SUM(G11:G12) | H13: =IF(G13=0,"OK","LỆCH")
A15: KHỐI 3: ĐỐI SOÁT DOANH SỐ & THUẾ ĐẦU RA (BẢNG KÊ TA35 vs SỔ CÁI 3331)
A16: STT | B16: Mã TK | C16: Nội Dung Diễn Giải | D16: Doanh Số TA35 | E16: Tiền Thuế TA35 | F16: Tiền Thuế Sổ Cái (3331) | G16: Chênh Lệch (TA35 - Sổ Cái) | H16: Trạng Thái
A17: 1 | B17: 333111 | C17: Thuế GTGT tiền điện & CSPK | D17: ='TAXVTA'!J4+'TAXVTA'!J6+'TAXVTA'!J7 | E17: ='TAXVTA'!L4+'TAXVTA'!L6+'TAXVTA'!L7 | F17: ='333111'!E29 | G17: =E17-F17 | H17: =IF(ABS(G17)<50000,"OK","LỆCH")
A18: 2 | B18: 333113 | C18: Thuế GTGT điều động VTTB (1388ĐĐ) | D18: ='TAXVTA'!J8 | E18: ='TAXVTA'!L8 | F18: ='333111'!E42 | G18: =E18-F18 | H18: =IF(ABS(G18)<50000,"OK","LỆCH")
A19: 3 | B19: 333114 | C19: Thuế GTGT cho thuê cột điện treo cáp (4500TT) | D19: ='TAXVTA'!J9 | E19: ='TAXVTA'!L9 | F19: ='333111'!E51 | G19: =E19-F19 | H19: =IF(ABS(G19)<50000,"OK","LỆCH")
A20: Cộng | C20: TỔNG CỘNG ĐẦU RA | D20: =SUM(D17:D19) | E20: =SUM(E17:E19) | F20: =SUM(F17:F19) | G20: =SUM(G17:G19) | H20: =IF(ABS(G20)<50000,"OK","LỆCH")
A22: KHỐI 4: MA TRẬN KIỂM DÒ DOANH THU ĐẦU RA 3 CHIỀU (GCS vs BÁO CÁO 4A vs SỔ GL 0903)
A23: Hạng Mục Doanh Thu | B23: Mã DFF | C23: Doanh Số GCS | D23: Doanh Số 4A | E23: Doanh Số GL 0903 | F23: Lệch (GCS - 4A) | G23: Lệch (4A - GL0903) | H23: Đánh Giá
A24: Tiền điện sinh hoạt & SX | B24: DIEN01 | C24: ='TAXVTA'!C19 | D24: ='TAXVTA'!C20 | E24: ='TAXVTA'!C23 | F24: =C24-D24 | G24: =D24-E24 | H24: =IF(AND(F24=0,G24=0),"KHỚP","LỆCH")
A25: Công suất phản kháng | B25: CSPK02 | C25: ='TAXVTA'!G19 | D25: ='TAXVTA'!G20 | E25: ='TAXVTA'!G23 | F25: =C25-D25 | G25: =D25-E25 | H25: =IF(AND(F25=0,G25=0),"KHỚP","LỆCH")
A26: Tiền điện thu khác (Nhôm TC) | B26: DIEN00 | C26: ='TAXVTA'!K19 | D26: ='TAXVTA'!K20 | E26: ='TAXVTA'!K23 | F26: =C26-D26 | G26: =D26-E26 | H26: =IF(AND(F26=0,G26=0),"KHỚP","LỆCH")
A27: TỔNG CỘNG ĐẦU RA | C27: =SUM(C24:C26) | D27: =SUM(D24:D26) | E27: =SUM(E24:E26) | F27: =SUM(F24:F26) | G27: =SUM(G24:G26) | H27: =IF(AND(F27=0,G27=0),"KHỚP","LỆCH")

Sheet TAXVTA
A1: THUẾ ĐẦU VÀO
K2: C/LECH
A3: TA36 | C3: Tài khoản | D3: Doanh số | E3: thuế suất | F3: Tiền thuế | G3: Sau thuế | I3: TA30 | J3: Tiền thuế | K3: TA36-TA30
A4: TA36 | C4: 13311 | D4: =SUMIF('TA36'!$V:$V,TAXVTA!C4,'TA36'!$H:$H) | F4: =SUMIF('TA36'!$V:$V,TAXVTA!C4,'TA36'!$J:$J) | G4: =+D4+F4 | I4: TA30 | J4: ='13311'!L2 | K4: =+F4-J4
A5: TA36 | C5: 13313 | D5: =SUMIF('TA36'!$V:$V,TAXVTA!C5,'TA36'!$H:$H) | F5: =SUMIF('TA36'!$V:$V,TAXVTA!C5,'TA36'!$J:$J) | G5: =+D5+F5 | I5: TA30 | J5: ='13311'!L3 | K5: =+F5-J5
D6: =SUM(D4:D5) | F6: =SUM(F4:F5) | G6: =SUM(G4:G5) | J6: =SUM(J4:J5) | K6: =SUM(K4:K5)
C8: thuế đầu vào lên tờ khai | D8: Doanh số | E8: thuế suất | F8: Tiền thuế | G8: Sau thuế | O8: Tên hàng hóa, dịch vụ | P8: Giá trị hàng hóa, dịch vụ mua vào chưa có thuế GTGT được khấu trừ trong kỳ | Q8: Thuế GTGT của hàng hóa, dịch vụ mua vào được khấu trừ trong kỳ
D9: =SUMIFS('TA36'!$H:$H,'TA36'!$I:$I,TAXVTA!$E9) | E9: 5 | F9: =SUMIFS('TA36'!$J:$J,'TA36'!$I:$I,TAXVTA!$E$9) | G9: =D9+F9 | O9: Hàng hóa dịnh vụ mua vào áp thuế suất 8% | P9: =D10 | Q9: =F10
D10: =SUMIFS('TA36'!$H:$H,'TA36'!$I:$I,TAXVTA!$E10) | E10: 8 | F10: =SUMIFS('TA36'!$J:$J,'TA36'!$I:$I,TAXVTA!$E10) | G10: =D10+F10
D11: =SUMIFS('TA36'!$H:$H,'TA36'!$I:$I,TAXVTA!$E11) | E11: 10 | F11: =SUMIFS('TA36'!$J:$J,'TA36'!$I:$I,TAXVTA!$E11) | G11: =D11+F11
D12: =SUM(D9:D11) | F12: =SUM(F9:F11) | G12: =SUM(G9:G11)
D13: ='TA36'!X15 | F13: ='TA36'!Y15
A14: THUẾ,ĐẦU,RA | D14: =+D12-D13 | F14: =+F12-F13
C15: DIEN01 | D15: DIEN01 | E15: DIEN01 | F15: DIEN01 | G15: CSPK02 | H15: CSPK02 | I15: CSPK02 | J15: CSPK02 | K15: DIEN00 | L15: DIEN00 | M15: DIEN00 | N15: DIEN00 | O15: CỘNG | P15: CỘNG | Q15: CỘNG | R15: CỘNG
C16: Doanh,số | D16: thuế,suất | E16: Tiền,thuế | F16: Sau,thuế | G16: Doanh,số | H16: thuế,suất | I16: Tiền,thuế | J16: Sau,thuế | K16: Doanh,số | L16: thuế,suất | M16: Tiền,thuế | N16: Sau,thuế | O16: Doanh,số | P16: thuế,suất | Q16: Tiền,thuế | R16: Sau,thuế
A17: KDGCS | B17: TRONGTHANG | C17: =GCS!H38 | E17: =GCS!I38 | F17: =GCS!J38 | G17: =+GCS!K33 | I17: =GCS!L33 | J17: =GCS!M33 | K17: =GCS!H39 | M17: 0 | N17: =GCS!J39 | O17: =C17+G17+K17 | Q17: =+E17+I17 | R17: =+O17+Q17
A18: KDGCS | B18: CUOITHANG | C18: =+GCS!H45 | E18: =+GCS!I45 | F18: =GCS!J45 | G18: =+GCS!K34 | I18: =GCS!L34 | J18: =GCS!M34 | K18: =GCS!H46 | N18: =GCS!J46 | O18: =+C18+G18+K18 | Q18: =+E18+I18 | R18: =+O18+Q18
C19: =SUM(C17:C18) | E19: =SUM(E17:E18) | F19: =SUM(F17:F18) | G19: =SUM(G17:G18) | I19: =SUM(I17:I18) | J19: =SUM(J17:J18) | K19: =SUM(K17:K18) | L19: =SUM(L17:L18) | M19: =SUM(M17:M18) | N19: =SUM(N17:N18) | O19: =SUM(O17:O18) | Q19: =SUM(Q17:Q18) | R19: =SUM(R17:R18)
A20: KD4A | C20: ='4A'!D13 | E20: ='4A'!E13 | F20: ='4A'!F13 | G20: =+'4A'!D9 | I20: =+'4A'!E9 | J20: =+'4A'!F9 | K20: ='4A'!D12 | M20: =+'4A'!I9 | N20: ='4A'!F12 | O20: =C20+G20+K20 | Q20: =+E20+I20 | R20: =O20+Q20
A21: c/lech | B21: GCS-4A | C21: =+C19-C20 | D21: =+D19-D20 | E21: =+E19-E20 | F21: =+F19-F20 | G21: =+G19-G20 | H21: =+H19-H20 | I21: =+I19-I20 | J21: =+J19-J20 | ... R21: =+R19-R20
A23: GL0903 | C23: ='0903'!X3 | G23: ='0903'!X4+'0903'!X1 | K23: ='0903'!X2 | O23: =SUM(C23:N23)
A24: c/lech | B24: KD4A-GL0903 | C24: =+C20-C23 | G24: =+G20-G23 | K24: =+K20-K23 | O24: =+O20-O23
A26: TA35 | D26: TA_035 | F26: GCS T8-2026 sang T9/26 HT | H26: GCS T6-2026 | J26: Chênh lệch
D27: Doanh số | E27: Tiền thuế | F27: Doanh số | G27: Tiền thuế | H27: Doanh số | I27: Tiền thuế | J27: Doanh số | K27: Tiền thuế
C28: DIEN00 | D28: =SUMIFS('TA35'!$H:$H,'TA35'!$T:$T,TAXVTA!$C28) | E28: =SUMIFS('TA35'!$J:$J,'TA35'!$T:$T,TAXVTA!$C28) | F28: 95198300 | H28: =GCS!H39 | J28: =D28-F28-H28 | K28: =E28-G28-I28
C29: DIEN01 | D29: =SUMIFS('TA35'!$H:$H,'TA35'!$T:$T,TAXVTA!$C29) | E29: =SUMIFS('TA35'!$J:$J,'TA35'!$T:$T,TAXVTA!$C29) | F29: 693017465643 | G29: ='33895'!M2 | H29: =GCS!H38 | I29: =GCS!I38 | J29: =D29-F29-H29 | K29: =E29-G29-I29
C30: CSPK02 | D30: =SUMIFS('TA35'!$H:$H,'TA35'!$T:$T,TAXVTA!$C30)+'TA35'!W5 | E30: =SUMIFS('TA35'!$J:$J,'TA35'!$T:$T,TAXVTA!$C30) | F30: 538950224 | G30: ='33895'!M3 | H30: =GCS!L40 | I30: =GCS!M38 | J30: =D30-F30-H30 | K30: =E30-G30-I30
C31: 1388ĐĐ | D31: =SUMIFS('TA35'!$H:$H,'TA35'!$T:$T,TAXVTA!$C31) | E31: =SUMIFS('TA35'!$J:$J,'TA35'!$T:$T,TAXVTA!$C31)
C32: 5118QT | D32: =SUMIFS('TA35'!$H:$H,'TA35'!$T:$T,TAXVTA!$C32) | E32: =SUMIFS('TA35'!$J:$J,'TA35'!$T:$T,TAXVTA!$C32)
C33: 4500TT | D33: =SUMIFS('TA35'!$H:$H,'TA35'!$T:$T,TAXVTA!$C33) | E33: =SUMIFS('TA35'!$J:$J,'TA35'!$T:$T,TAXVTA!$C33)
C34: Cộng | D34: =SUM(D28:D33) | E34: =SUM(E28:E33) | F34: =SUM(F28:F33) | G34: =SUM(G28:G33) | H34: =SUM(H28:H33) | I34: =SUM(I28:I33) | J34: =SUM(J28:J33) | K34: =SUM(K28:K33)
A36: GL33895 (GL_038) | E36: =SUMIFS('33895'!$K:$K,'33895'!$J:$J,TAXVTA!C$15) | I36: =SUMIFS('33895'!$K:$K,'33895'!$J:$J,TAXVTA!G$15) | Q36: =+E36+I36
A37: c/lech | B37: KDGCS-GL33895 | E37: =+E18-E36 | I37: =+I18-I36 | Q37: =+Q18-Q36
D38: Doanh số | E38: Tiền thuế
A39: TA030 | B39: TK333111 | D39: ='333111'!M2 | E39: =+'333111'!M7
A40: c/lech | B40: KDGCS-TA30 | D40: =E17-D39 | E40: =D40+G29
A41: c/lech | B41: TA35-TA30 | D41: =E29-G29-D39
O43: Tên hàng hóa, dịch vụ | P43: Giá trị hàng hóa, dịch vụ chưa có thuế GTGT | Q43: Thuế GTGT của hàng hóa, dịch vụ bán ra được giảm
B44: Thuế đầu ra lên tờ khai | C44: Doanh,số | D44: thuế,suất | E44: Tiền,thuế | F44: Sau,thuế | M44: NHẬP LÊN TỜ KHÁI THUẾ THÁNG | O44: Hoạt động kinh doanh điện | P44: =C46+C48 | Q44: =E46+E48
A45: Điện | B45: DIEN00 | C45: =SUMIFS('TA35'!$H:$H,'TA35'!$T:$T,TAXVTA!B45,'TA35'!$I:$I,TAXVTA!D45) | D45: 0 | E45: =SUMIFS('TA35'!$J:$J,'TA35'!$T:$T,TAXVTA!B45,'TA35'!$I:$I,TAXVTA!D45) | F45: =C45+E45 | K45: 91678635810 | O45: Điều động vật tư thiết bị | P45: =C49 | Q45: =E49
A46: Điện | B46: DIEN01 | C46: =SUMIFS('TA35'!$H:$H,'TA35'!$T:$T,TAXVTA!B46,'TA35'!$I:$I,TAXVTA!D46) | D46: 8 | E46: =SUMIFS('TA35'!$J:$J,'TA35'!$T:$T,TAXVTA!B46,'TA35'!$I:$I,TAXVTA!D46) | F46: =C46+E46 | K46: 14156022 | O46: Cho thuê trụ | P46: =C51 | Q46: =E51
A47: Điện vô công | B47: CSPK00 | C47: =SUMIFS('TA35'!$H:$H,'TA35'!$T:$T,TAXVTA!B47,'TA35'!$I:$I,TAXVTA!D47) | D47: 0 | E47: =SUMIFS('TA35'!$J:$J,'TA35'!$T:$T,TAXVTA!B47,'TA35'!$I:$I,TAXVTA!D47) | F47: =C47+E47 | K47: 7350000 | P47: =SUM(P44:P46) | Q47: =SUM(Q44:Q46)
A48: Điện vô công | B48: CSPK02 | C48: =SUMIFS('TA35'!$H:$H,'TA35'!$T:$T,TAXVTA!B48,'TA35'!$I:$I,TAXVTA!D48) | D48: 8 | E48: =SUMIFS('TA35'!$J:$J,'TA35'!$T:$T,TAXVTA!B48,'TA35'!$I:$I,TAXVTA!D48) | F48: =C48+E48 | H48: =C46+C47 | I48: =E46+E47 | J48: =H48*10% | K48: 127322953
A49: Điều động VTTB | B49: 1388ĐĐ | C49: =SUMIFS('TA35'!$H:$H,'TA35'!$T:$T,TAXVTA!B49,'TA35'!$I:$I,TAXVTA!D49) | D49: 8 | E49: =SUMIFS('TA35'!$J:$J,'TA35'!$T:$T,TAXVTA!B49,'TA35'!$I:$I,TAXVTA!D49) | F49: =C49+E49 | H49: =C46+C47+C48+C49+C52 | J49: =H49*10% | K49: =SUM(K45:K48) | L49: =J49-K49
A50: Điều động VTTB | B50: 1388DD | C50: =SUMIFS('TA35'!$H:$H,'TA35'!$T:$T,TAXVTA!B50,'TA35'!$I:$I,TAXVTA!D50) | D50: 10 | E50: =SUMIFS('TA35'!$J:$J,'TA35'!$T:$T,TAXVTA!B50,'TA35'!$I:$I,TAXVTA!D50)
A51: Cho thuê trụ điện | B51: 4500TT | C51: =SUMIFS('TA35'!$H:$H,'TA35'!$T:$T,TAXVTA!B51,'TA35'!$I:$I,TAXVTA!D51) | D51: 8 | E51: =SUMIFS('TA35'!$J:$J,'TA35'!$T:$T,TAXVTA!B51,'TA35'!$I:$I,TAXVTA!D51) | F51: =C51+E51
C52: =SUMIFS('TA35'!$H:$H,'TA35'!$T:$T,TAXVTA!$B52,'TA35'!$I:$I,TAXVTA!$D52) | E52: =SUMIFS('TA35'!$J:$J,'TA35'!$T:$T,TAXVTA!B52,'TA35'!$I:$I,TAXVTA!D52) | F52: =C52+E52
C53: =SUM(C45:C52) | E53: =SUM(E45:E52) | F53: =SUM(F45:F52) | H53: =C53-C45
C54: ='TA35'!H59 | E54: ='TA35'!J51 | F54: ='TA35'!J54
C55: =+C53-C54 | E55: =+E53-E54 | F55: =+F53-F54
A56: TỜ,KHAI,THUẾ,GTGT | C56: 2026T04
C58: Đầu vào | D58: Doanh số | E58: thuế suất | F58: Tiền thuế | G58: Sau thuế | I58: Đầu ra | J58: Doanh số | K58: thuế suất | L58: Tiền thuế | M58: Sau thuế
J59: =SUMIF('TA35'!$I:$I,TAXVTA!K59,'TA35'!$H:$H) | K59: 0 | L59: =SUMIF('TA35'!$I:$I,TAXVTA!K59,'TA35'!$J:$J) | M59: =J59+L59
D60: =D9 | E60: 5 | F60: =F9 | G60: =D60+F60 | J60: =SUMIF('TA35'!$I:$I,TAXVTA!K60,'TA35'!$H:$H) | K60: 5 | L60: =SUMIF('TA35'!$I:$I,TAXVTA!K60,'TA35'!$J:$J) | M60: =J60+L60
D61: =D10 | E61: 8 | F61: =F10 | G61: =D61+F61 | J61: =SUMIF('TA35'!$I:$I,TAXVTA!K61,'TA35'!$H:$H) | K61: 8 | L61: =SUMIF('TA35'!$I:$I,TAXVTA!K61,'TA35'!$J:$J) | M61: =J61+L61
D62: =D11 | E62: 10 | F62: =F11 | G62: =D62+F62 | J62: =SUMIF('TA35'!$I:$I,TAXVTA!K62,'TA35'!$H:$H) | K62: 10 | L62: =SUMIF('TA35'!$I:$I,TAXVTA!K62,'TA35'!$J:$J) | M62: =J62+L62
D63: =SUM(D60:D62) | F63: =SUM(F60:F62) | G63: =SUM(G60:G62) | J63: =SUM(J59:J62) | L63: =SUM(L59:L62) | M63: =SUM(M59:M62)
D64: 1291317159290 | F64: 103209196176 | G64: =D64+F64 | J64: ='TA35'!H54 | L64: ='TA35'!J54
D65: =D63-D64 | F65: =F63-F64 | J65: =J63-J64 | L65: =L63-L64
A66: số trên tokhai | B66: dauky dauvao(N13311) | E66: ='13311'!I1 | G66: =+(E66+F68)-(F69-E67)-G67 | H66: số dư Nợ 13311
B67: dauky daura (N333111) | E67: ='333111'!J1 | G67: =+E67 | H67: số dư Nợ 333111
B68: dauvao trong thang | D68: =D63 | F68: =F63
B69: daura trong thang | D69: =J63 | F69: =L63
D70: =SUM(D68:D69) | F70: =F69-F68-E67 | G70: =SUM(G66:G67) | H70: =IF(F70<0,"còn được khấu trừ tháng sau, 333111=0, dư nợ 13311", "nộp thuế tháng này")
E73: TK,333111 | K73: TK 13311
D74: số dư HCM | E74: =+'333111'!J1-E75 | F74: số này sẽ được khấu trừ trong năm 2026 | J74: số dư SPC (đúng) | K74: ='13311'!I1 | M74: số dư Nợ 13311 của SPC không được, để nguyên
D75: số dư SPC | E75: 1500000000 | F75: số nộp dư của SCP Nợ TK333111 --> không được khấu trừ, để nguyên | M75: đ/c giảm đầu vào của Tân Thuận (đã làm tờ đ/c trong T2/2024+T3/2024)
D78: psinh tháng này | F78: ='333111'!F29 | J78: psinh tháng này | K78: ='13311'!E1090 | O78: Cộng phát sinh
D79: KC 13311-333111 (SXKD) | E79: =+L79 | J79: KC 133-333 | L79: ='13311'!F1090
D80: KC 13313-333111 (XDCB) | E80: ='333111'!E24+'333111'!E25
E83: =+E79+E80 | F83: =+F78 | K83: =+K78 | L83: =+L79
A84: 91242750075 | D84: số dư HCM | E84: =+E74+E83-F83 | G84: số còn được cấn trừ tháng sau | K84: =K74+K83-L75-L83 | M84: giữ nguyên số dư
D85: số dư SPC | E85: =+E75 | G85: giữ nguyên số dư | J85: số dư SPC | K85: 60549888887
D86: CỘNG | E86: =+E84+E85 | G86: Số thuế phải nộp | J86: Số còn được KT thực tế | K86: =K84-K85 | L86: 17787372540 | M86: =K86-L86
E87: số dư cuối cùng
E89: ='333111'!J3 | K89: ='13311'!I4
D90: c/lech | E90: =E86-E89 | J90: c/lech | K90: =K84-K89
C93: Đ/cgiảm thuế GTGT đầu vào T2/2024 cho PC Tân Thuận | E93: -1477840
C94: Đ/cgiảm thuế GTGT đầu vào T3/2024 cho PC Tân Thuận | E94: -2920764
E95: =SUM(E93:E94)
E96: =E84+E95
K97: 17787372540
K98: =K97-K86
K99: 6687911564
K100: =K98-K99
K103: =K101-K102
H117: [22]
H123: [25]
H136: [35]
K143: =-I117
K144: =-I123
K145: =+I136
K146: =SUM(K143:K145)
K147: =K146-E81
H150: [40] | I150: =K146
B151: chỉtiêu22:lấytừchỉtiêu43củatờkhailầnđầucủathángliềnkềtrước
B152: SốthuếGTGTcònđượckhấutrừtănggiảmsẽnhậpvàochỉtiêu37+38
H153: sốphảinộp | I153: =I150
H154: cấntrừnộpthừa | I154: =E75
I155: =+I153-I154 | J155: sốthuếnộpthựctếtháng7/2025

Sheet GCS
A2: TỔNG CÔNG TY ĐIỆN LỰC THÀNH PHỐ HỒ CHÍ MINH TNHH
A3: CÔNG TY ĐIỆN LỰC VŨNG TÀU
A5: BÁO CÁO TỔNG HỢP THEO NGÀY GHI CHỈ SỐ VÀ PHÁT HÀNH HÓA ĐƠN
A6: Tháng năm: 09/2026
A8: Stt | B8: Ngày ghi | C8: Số sổ GCS | D8: Số hóa đơn | E8: Ngày phát hành hóa đơn | F8: Điện năng tiêu thụ | I8: Tiền điện tác dụng | J8: Thuế điện tác dụng | K8: Tổng tiền điện tác dụng | L8: Tiền CSPK | M8: Thuế CSPK | N8: Tổng tiền CSPK | O8: Tổng cộng
F9: SH | G9: Ngoài SH | H9: Tổng
A10: Loại hoá đơn : Hủy bỏ
A11: 1 | B11: 30/09/2026 | C11: 8 | D11: 9 | E11: 46295 | F11: -8593 | G11: -18326 | H11: -26919 | I11: -90228084 | J11: -7218247 | K11: -97446331 | L11: -896068 | M11: -71685 | N11: -967753 | O11: -98414084 | P11: TRONGTHANG
A12: Tổng số | C12: 8 | D12: 9 | F12: -8593 | G12: -18326 | H12: -26919 | I12: -90228084 | J12: -7218247 | K12: -97446331 | L12: -896068 | M12: -71685 | N12: -967753 | O12: -98414084
A13: Loại hoá đơn : Lặp lại
A14: 2 | B14: 30/09/2026 | C14: 8 | D14: 9 | E14: 46295 | F14: 1812 | G14: 13634 | H14: 15446 | I14: 54987416 | J14: 4398992 | K14: 59386408 | L14: 0 | M14: 0 | N14: 0 | O14: 59386408 | P14: TRONGTHANG
A15: Tổng số: | C15: 8 | D15: 9 | F15: 1812 | G15: 13634 | H15: 15446 | I15: 54987416 | J15: 4398992 | K15: 59386408 | L15: 0 | M15: 0 | N15: 0 | O15: 59386408
A16: Loại hoá đơn : Phát sinh
A17: 3 | B17: 10/09/2026 | C17: 21 | D17: 450 | E17: 46276 | F17: 1677 | G17: 158599806 | H17: 158601483 | I17: 305939385736 | J17: 24466693819 | K17: 330406079555 | L17: 188521298 | M17: 15081702 | N17: 203603000 | O17: 330609682555 | P17: TRONGTHANG
A18: 4 | B18: 15/09/2026 | C18: 9 | D18: 190 | E18: 46281 | F18: 9285 | G18: 4567698 | H18: 4576983 | I18: 11196063409 | J18: 895685075 | K18: 12091748484 | L18: 47189941 | M18: 3775196 | N18: 50965137 | O18: 12142713621 | P18: TRONGTHANG
A19: 5 | B19: 20/09/2026 | C19: 21 | D19: 456 | E19: 46286 | F19: 1382 | G19: 179974564 | H19: 179975946 | I19: 340503392283 | J19: 27232232700 | K19: 367735624983 | L19: 122527217 | M19: 9802181 | N19: 132329398 | O19: 367867954381 | P19: TRONGTHANG
A20: 6 | B20: 30/09/2026 | C20: 2030 | D20: 237539 | E20: 46297 | F20: 77607796 | G20: 224896711 | H20: 302504507 | I20: 678922434286 | J20: 54304559408 | K20: 733226993694 | L20: 556214881 | M20: 44497199 | N20: 600712080 | O20: 733827705774 | P20: CUOITHANG
A21: Tổng số: | C21: 2081 | D21: 238635 | F21: 77620140 | G21: 568038779 | H21: 645658919 | I21: 1336561275714 | J21: 106899171002 | K21: 1443460446716 | L21: 914453337 | M21: 73156278 | N21: 987609615 | O21: 1444448056331
A22: Loại hoá đơn : Thoái hoàn
A23: 7 | B23: 30/09/2026 | C23: 6 | D23: 6 | E23: 46295 | F23: -3191 | G23: -800 | H23: -3991 | I23: -12575260 | J23: -1006021 | K23: -13581281 | L23: 0 | M23: 0 | N23: 0 | O23: -13581281 | P23: TRONGTHANG
A24: Tổng số: | C24: 6 | D24: 6 | F24: -3191 | G24: -800 | H24: -3991 | I24: -12575260 | J24: -1006021 | K24: -13581281 | L24: 0 | M24: 0 | N24: 0 | O24: -13581281
A25: Loại hoá đơn : Truy thu
A26: 8 | B26: 10/09/2026 | C26: 3 | D26: 6 | E26: 46276 | F26: 0 | G26: 35252 | H26: 35252 | I26: 82523432 | J26: 6601875 | K26: 89125307 | L26: 0 | M26: 0 | N26: 0 | O26: 89125307 | P26: TRONGTHANG
A27: 9 | B27: 15/09/2026 | C27: 1 | D27: 1 | E27: 46281 | F27: 0 | G27: 0 | H27: 0 | I27: 0 | J27: 0 | K27: 0 | L27: 0 | M27: 0 | N27: 0 | O27: 0 | P27: TRONGTHANG
A28: 10 | C28: 17 | D28: 24 | E28: 46297 | F28: 20532 | G28: 102389 | H28: 122921 | I28: 414704832 | J28: 33176388 | K28: 447881220 | L28: 0 | M28: 0 | N28: 0 | O28: 447881220 | P28: CUOITHANG
A29: Tổng số: | C29: 21 | D29: 31 | F29: 20532 | G29: 137641 | H29: 158173 | I29: 497228264 | J29: 39778263 | K29: 537006527 | L29: 0 | M29: 0 | N29: 0 | O29: 537006527
H31: TIENDIEN | I31: THUE DIEN | J31: TONG | K31: CSPK | L31: THUE CSPK | M31: TONG CSPK
G33: TRONGTHANG | H33: =SUMIF($P:$P,G33,$I:$I) | I33: =SUMIF($P:$P,G33,$J:$J) | J33: =SUMIF($P:$P,G33,$K:$K) | K33: =SUMIF($P:$P,G33,$L:$L) | L33: =SUMIF($P:$P,G33,$M:$M) | M33: =SUMIF($P:$P,G33,$N:$N) | N33: =SUMIF($P:$P,G33,$O:$O)
G34: CUOITHANG | H34: =SUMIF($P:$P,G34,$I:$I) | I34: =SUMIF($P:$P,G34,$J:$J) | J34: =SUMIF($P:$P,G34,$K:$K) | K34: =SUMIF($P:$P,G34,$L:$L) | L34: =SUMIF($P:$P,G34,$M:$M) | M34: =SUMIF($P:$P,G34,$N:$N) | N34: =SUMIF($P:$P,G34,$O:$O)
H35: =SUM(H33:H34) | I35: =SUM(I33:I34) | J35: =SUM(J33:J34) | K35: =SUM(K33:K34) | L35: =SUM(L33:L34) | M35: =SUM(M33:M34) | N35: =SUM(N33:N34)
H36: =H35-D54-D56 | I36: =I35-E54 | J36: =J35-F54-F56 | K36: =K35-D55 | L36: =L35-E55 | M36: =M35-F55 | N36: =N35-F58
E37: Trong đó | F37: TRONGTHANG
G38: DIEN01 | H38: =H33-H39 | I38: =I33-I39 | J38: =J33-J39 | L38: =K33-L39 | M38: =L33 | N38: =L38+M38 | O38: CSPK02
G39: DIEN00 | H39: ='Nhom TC'!O1 | I39: 0 | J39: =H39+I39 | M39: 0 | N39: =L39+M39 | O39: CSPK00
H40: =SUM(H38:H39) | I40: =SUM(I38:I39) | J40: =SUM(J38:J39) | L40: =SUM(L38:L39) | M40: =SUM(M38:M39) | N40: =L40+M40
H41: =H33-H40 | I41: =I33-I40 | J41: =J33-J40
G42: CSPK02 | K42: =K33 | L42: =L33 | M42: =M33 | N42: =N33
H43: =+H40+H42-H33 | I43: =+I40+I42-I33 | J43: =+J40+J42-J33 | K43: =+K40+K42-K33 | L43: =+L40+L42-L33 | M43: =+M40+M42-M33 | N43: =+N40+N42-N33
F44: CUOITHANG
G45: DIEN01 | H45: =H34-H46 | I45: =I34 | J45: =J34-J46
G46: DIEN00 | H46: ='Nhom TC'!O2 | I46: 0 | J46: =H46+I46
H47: =SUM(H45:H46) | I47: =SUM(I45:I46) | J47: =SUM(J45:J46)
G48: CSPK02 | K48: =K34 | L48: =L34 | M48: =M34 | N48: =N34
I49: =I34-I47 | J49: =J34-J47
H50: =+H47+H48-H34 | I50: =+I47+I48-I34 | J50: =+J47+J48-J34 | K50: =+K47+K48-K34 | L50: =+L47+L48-L34 | M50: =+M47+M48-M34 | N50: =+N47+N48-N34
H51: =H40+H47 | I51: =I40+I47 | J51: =J40+J47 | K51: =+K42+K48 | L51: =+L42+L48 | M51: =+M42+M48 | N51: =+N42+N48
A52: Biểu 4A | H52: =+H35-H51 | I52: =+I35-I51 | J52: =+J35-J51 | K52: =+K35-K51 | L52: =+L35-L51 | M52: =+M35-M51 | N52: =+N35-N51
D53: trước thuế | E53: thuế | F53: sau thuế
A54: Điện | B54: DIEN01 | D54: ='4A'!D13 | E54: ='4A'!E13 | F54: ='4A'!F13
A55: CSPK | B55: CSPK02 | D55: ='4A'!D9 | E55: ='4A'!E9 | F55: ='4A'!F9 | J55: ='4A'!F13
A56: Điện | B56: DIEN00 | D56: ='4A'!D12 | E56: 0 | F56: ='4A'!F12 | J56: =J55-J35
B57: CSPK00 | D57: 25367337
D58: =SUM(D54:D57) | F58: =SUM(F54:F56)
H59: dò biểu 33895 | I59: =I45+L34
I60: ='33895'!G37
I61: =I59-I60
M64: 100833864242

Sheet 0903
A1: HCMC - Công ty Điện lực Vũng Tàu | W1: CSPK00 | X1: =SUMIF($V:$V,$W1,$O:$O)
W2: DIEN00 | X2: =SUMIF($V:$V,$W2,$O:$O)
A3: Báo cáo liệt kê giao dịch phát sinh theo tài khoản | W3: DIEN01 | X3: =SUMIF($V:$V,$W3,$O:$O)
A4: Từ ngày 01/09/2026 đến ngày 30/09/2026 | W4: CSPK02 | X4: =SUMIF($V:$V,$W4,$O:$O)
W5: 1388DD | X5: =SUMIF($V:$V,$W5,$O:$O) | Y5: vật tư điều động
A6: Nguồn phát sinh | B6: Số giao dịch | C6: Ngày giao dịch | D6: Chi nhánh | E6: Trung tâm chi phí | F6: Tài khoản | G6: Loại hình | H6: Sản phẩm | I6: Yếu tố | J6: Đơn vị nội bộ | K6: Dự phòng đơn vị | L6: Dự phòng EVN | M6: Loại tiền | N6: Nợ nguyên tệ | O6: Có nguyên tệ | P6: Nợ quy đổi | Q6: Có quy đổi | R6: Nội dung | S6: Trạng thái hạch toán | T6: Người tạo | U6: Người cập nhật | W6: 5118QT | X6: =SUMIF($V:$V,$W6,$O:$O) | Y6: quà tặng
A7: GL | B7: 3188 | C7: 46295 | D7: 0 | E7: 0 | F7: 51511110000 | G7: 0 | H7: 0 | I7: 999 | J7: 0 | K7: 0 | L7: 0 | M7: VND | O7: 30437 | Q7: 30437 | R7: K/c 51511 > 911511 (LÃI TIỀN CHO VAY) | S7: P | T7: DUYENTT.HCM.VTA | U7: DUYENTT.HCM.VTA | V7: =LEFT(R7,6) | W7: 4500TT | X7: =SUMIF($V:$V,$W7,$O:$O) | Y7: dường dây thông tin
A8: GL | B8: 3103 | C8: 46295 | D8: 0 | E8: 0 | F8: 51511110000 | G8: 0 | H8: 0 | I8: 999 | J8: 0 | K8: 0 | L8: 0 | M8: VND | N8: 30437 | P8: 30437 | R8: K/c 51511 > 911511 (LÃI TIỀN CHO VAY) | S8: P | T8: DUYENTT.HCM.VTA | U8: DUYENTT.HCM.VTA | V8: =LEFT(R8,6) | X8: =SUM(X2:X7)
A9: GL | B9: 3181 | C9: 46295 | D9: 0 | E9: 0 | F9: 51511110000 | G9: 1310 | H9: 0 | I9: 0 | J9: 0 | K9: 0 | L9: 0 | M9: VND | O9: -30437 | Q9: -30437 | R9: Điều chỉnh hạch toán TK theo G0926VC0011-25/9/26 | S9: P | T9: HUENT.HCM.VTA | U9: DUYENTT.HCM.VTA | V9: =LEFT(R9,6)
A10: AR_RECEIPTS | B10: G0926VC0011 | C10: 46290 | D10: 0 | E10: 0 | F10: 51511110000 | G10: 1310 | H10: 0 | I10: 0 | J10: 0 | K10: 0 | L10: 0 | M10: VND | O10: 30437 | Q10: 30437 | R10: Nhập lãi TK NH VCB T9/26 | S10: F | T10: HUENT.HCM.VTA | U10: HUENT.HCM.VTA | V10: =LEFT(R10,6)

Sheet 3A

Sheet 4A
A1: MADONVI | B1: TENDONVI | C1: TONGDTP | D1: TIENDIEN | E1: TIENCSPK | F1: THUE_TD | G1: THUE_CSPK | H1: TONGDTPKH | I1: TIENDIENKH | J1: GIABQKH
A2: PE1800 | B2: Công ty Điện lực Vũng Tàu | C2: 645801628 | D2: 1337010688050 | E2: 913557269 | F2: 106935123989 | G2: 73084593 | H2: 7416000000 | I2: 0 | J2: 2066
C3: =VALUE(C2) | D3: =VALUE(D2) | E3: =VALUE(E2) | F3: =VALUE(F2) | G3: =VALUE(G2) | H3: =VALUE(H2) | I3: =VALUE(I2) | J3: =VALUE(J2)
D7: trước thuế | E7: thuế | F7: sau thuế
A8: Điện | B8: DIEN01 | D8: =D3 | E8: =F3 | F8: =+D8+E8 | G8: =D8*8% | H8: =E8-G8
A9: CSPK | B9: CSPK02 | D9: =E3 | E9: =G3 | F9: =+D9+E9 | G9: =D9*8% | H9: =E9-G9
D10: =SUM(D8:D9) | E10: =SUM(E8:E9) | F10: =SUM(F8:F9)
A12: Trong DIEN01 có | B12: DIEN00 | D12: ='Nhom TC'!O4 | E12: 0 | F12: =D12+E12
B13: DIEN01 | D13: =D8-D12 | E13: =E8-E12 | F13: =F8-F12 | G13: =D13*8% | H13: =E13-G13
A16: Trong DIEN01 có | B16: CSPK02 | D16: =E2-D17
B17: CSPK00 | D17: ='Nhom TC'!O5
A20: GL_0903 | B20: DIEN01 | D20: ='0903'!X3 | E20: =D13-D20
B21: CSPK02 | D21: ='0903'!X2 | E21: =D12-D21
B22: CSPK00 | D22: ='0903'!X1 | E22: =D17-D22

Sheet TA35
X1: 333111 | Z1: 333113 | AB1: 333114
J2: Mẫu số : 01-1/GTGT | V2: DIEN00 | W2: =SUMIFS($H:$H,$T:$T,$V2) | X2: =SUMIFS($J:$J,$T:$T,$V2)
J3: (Ban hành kèm theo thông tư | V3: DIEN01 | W3: =SUMIFS($H:$H,$T:$T,$V3) | X3: =SUMIFS($J:$J,$T:$T,$V3)
J4: số 119/2014/TT-BTC ngày | V4: CSPK02 | W4: =SUMIFS($H:$H,$T:$T,$V4) | X4: =SUMIFS($J:$J,$T:$T,$V4)
J5: 25/08/2014 của Bộ tài chính) | V5: CSPK00 | W5: =SUMIFS($H:$H,$T:$T,$V5) | X5: =SUMIFS($J:$J,$T:$T,$V5)
V6: 1388ĐĐ | W6: =SUMIFS($H:$H,$T:$T,$V6) | X6: =SUMIFS($J:$J,$T:$T,$V6) | Y6: =SUMIFS($H:$H,$T:$T,$V6) | Z6: =SUMIFS($J:$J,$T:$T,$V6) | AC6: vật tư điều động
A7: BẢNG KÊ HÓA ĐƠN, CHỨNG TỪ HÀNG HÓA, DỊCH VỤ BÁN RA(Kiểm soát số liệu) | V7: 5118QT | W7: =SUMIFS($H:$H,$T:$T,$V7) | X7: =SUMIFS($J:$J,$T:$T,$V7) | Y7: =SUMIFS($H:$H,$T:$T,$V7) | Z7: =SUMIFS($J:$J,$T:$T,$V7) | AC7: quà tặng
A8: Kèm theo tờ kê khai thuế GTGT theo mẫu số 01/GTGT | V8: 4500TT | W8: =SUMIFS($H:$H,$T:$T,$V8) | X8: =SUMIFS($J:$J,$T:$T,$V8) | AA8: =SUMIFS($H:$H,$T:$T,$V8) | AB8: =SUMIFS($J:$J,$T:$T,$V8) | AC8: dường dây thông tin
A9: Từ ngày 01/09/2026 đến ngày 30/09/2026 | W9: =SUM(W2:W8) | X9: =SUM(X2:X8) | Y9: =SUM(Y2:Y8) | Z9: =SUM(Z2:Z8) | AA9: =SUM(AA2:AA8) | AB9: =SUM(AB2:AB8)
A11: Người nộp thuế : CHI NHÁNH TỔNG CÔNG TY ĐIỆN LỰC THÀNH PHỐ HỒ CHÍ MINH TNHH - CÔNG TY ĐIỆN LỰC VŨNG TÀU | U11: trước thuế | V11: =SUM(W11:AB11) | W11: =W9 | Y11: =Y9 | AA11: =AA9
A12: Mã số thuế : 0300951119-010 | U12: thuế | V12: =SUM(W12:AB12) | X12: =X9 | Z12: =Z9 | AB12: =AB9
A13: Đơn vị tính: đồng Việt Nam | V13: =SUM(V11:V12)
A14: STT | B14: Hóa đơn, chứng từ bán | E14: Tên người mua | F14: Mã số thuế người mua | G14: Mặt hàng | H14: Doanh số bán chưa có thuế | I14: Thuế suất | J14: Thuế GTGT | K14: Ghi chú | L14: Nguồn chứng từ | M14: Số chứng từ | N14: Ngày lập chứng từ | O14: Thời hạn thanh toán trả chậm | P14: Số tiền đã thanh toán | Q14: Loại hình kinh doanh | R14: Người lập chứng từ | S14: Trạng thái
B15: Ký hiệu hóa đơn | C15: Số hóa đơn | D15: Ngày, tháng, năm phát hành | U15: Kiểm dò MST | V15: Thuế suất
A16: 1 | B16: 2 | C16: 3 | D16: 4 | E16: 5 | F16: 6 | G16: 7 | H16: 8 | I16: 9 | J16: 10 | K16: 11 | L16: 12 | M16: 13 | N16: 14 | O16: 15 | P16: 16 | Q16: 17 | R16: 18 | S16: 19 | W16: =W9-H51
A17: 1.Hàng hóa, dịch vụ không chịu thuế GTGT | V17: 9
A18: 1 | C18: ' | F18: '
A19: Tổng cộng | T19: =LEFT(G19,6) | Y19: 5
A20: 2.Hàng hóa, dịch vụ chịu thuế suất thuế GTGT 0% | T20: =LEFT(G20,6) | U20: =LEN(F20) | Y20: 8
A21: 1 | B21: 1K26TDA | C21: ' | D21: 46276 | E21: DIEN00-DOANH THU HÓA ĐƠN TIỀN ĐIỆN PHÁT SINH | F21: 'KHDIENKINHDOANH | G21: DIEN00 | H21: 105713000 | I21: 0 | J21: 0 | K21: DIEN00-DOANH THU HÓA ĐƠN TIỀN ĐIỆN PHÁT SINH-CT TNHH NHÔM TOÀN CẦU VIỆT NAM KỲ 1/9/2026 | L21: AR_TRANS | M21: 2107 | N21: 46276 | O21: 46276 | Q21: Không xác định | R21: QUYENNN.HCM.VTA | S21: Complete | T21: =LEFT(G21,6) | U21: =LEN(F21) | Y21: 10
A22: 2 | B22: 1K26TDA | C22: ' | D22: 46286 | E22: DIEN00-DOANH THU HÓA ĐƠN TIỀN ĐIỆN PHÁT SINH | F22: 'KHDIENKINHDOANH | G22: DIEN00 | H22: 100483557 | I22: 0 | J22: 0 | K22: DIEN00-DOANH THU HÓA ĐƠN TIỀN ĐIỆN PHÁT SINH-CT TNHH NHÔM TOÀN CẦU VIỆT NAM KỲ 2/09/2026 | L22: AR_TRANS | M22: 2132 | N22: 46286 | O22: 46286 | Q22: Không xác định | R22: QUYENNN.HCM.VTA | S22: Complete | T22: =LEFT(G22,6) | U22: =LEN(F22) | V22: 0
A23: 3 | B23: 1K26TDA | C23: ' | E23: DIEN00-DOANH THU HÓA ĐƠN TIỀN ĐIỆN PHÁT SINH-CT TNHH NHÔM TOÀN CẦU VIỆT NAM KỲ 3/08/2026 | F23: ' | G23: DIEN00 | H23: 99442300 | I23: 0 | J23: 0 | L23: GL | M23: 2839 | N23: 46276 | O23: 46276 | P23: 99442300 | Q23: Không xác định | R23: QUYENNN.HCM.VTA | S23: Not Reversed | T23: =LEFT(G23,6) | U23: =LEN(F23) | V23: 0
A24: Tổng cộng | H24: 305638857 | J24: 0 | P24: 99442300 | T24: =LEFT(G24,6) | U24: =LEN(F24) | V24: 0
A25: 3.Hàng hóa, dịch vụ chịu thuế suất thuế GTGT 5% | T25: =LEFT(G25,6) | U25: =LEN(F25)
A26: 1 | C26: ' | F26: ' | T26: =LEFT(G26,6) | U26: =LEN(F26)
A27: Tổng cộng | T27: =LEFT(G27,6) | U27: =LEN(F27)
A28: 4.Hàng hóa, dịch vụ chịu thuế suất thuế GTGT 10% | T28: =LEFT(G28,6) | U28: =LEN(F28)
A29: 1 | B29: K26TAH | C29: '84 | D29: 46275 | E29: CHI NHÁNH TỔNG CÔNG TY ĐIỆN LỰC THÀNH PHỐ HỒ CHÍ MINH TNHH - CÔNG TY LƯỚI ĐIỆN CAO THẾ THÀNH PHỐ HỒ CHÍ MINH | F29: '0300951119-016 | G29: 1388ĐĐ - Điều động VTTB theo CV 6267 ngày 04/09/26, PGH 03.VHJ.43.0002 ngày 07/09/26 - HĐ 84/10.09.2026 | H29: 334144500 | I29: 8 | J29: 26731560 | K29: CK | L29: AR_TRANS | M29: 2149 | N29: 46275 | O29: 46275 | Q29: Không xác định | R29: CHAULTN.HCM.VTA | S29: Complete | T29: =LEFT(G29,6) | U29: =LEN(F29)
A30: 2 | B30: K26TAH | C30: '85 | D30: 46282 | E30: Chi nhánh Tổng Công ty Điện lực Thành phố Hồ Chí Minh TNHH - Công ty Dịch vụ Điện lực Thành phố Hồ Chí Minh | F30: '0300951119-017 | G30: 1388ĐĐ - Điều động VTTH theo PĐĐ 9165 ngày 20/08/26 & PGH 03.VH1.17.0002 ngày 08/09/26 - HĐ 85/17.09.2026 | H30: 156916987 | I30: 10 | J30: 15691699 | K30: CK | L30: AR_TRANS | M30: 2150 | N30: 46282 | O30: 46282 | P30: 172608686 | Q30: Không xác định | R30: CHAULTN.HCM.VTA | S30: Complete | T30: =LEFT(G30,6) | U30: =LEN(F30) | V30: 8
A31: 3 | B31: K26TAH | C31: '86 | D31: 46282 | E31: Chi nhánh Tổng Công ty Điện lực Thành phố Hồ Chí Minh TNHH - Công ty Dịch vụ Điện lực Thành phố Hồ Chí Minh | F31: '0300951119-017 | G31: 1388ĐĐ - Điều động VTTB theo PĐNĐĐ 9165 ngày 20/08/26 và PGH 03.VH1.17.0002 ngày 08/09/26 - HĐ 86/17.09.2026 | H31: 33600000 | I31: 8 | J31: 2688000 | K31: CK | L31: AR_TRANS | M31: 2154 | N31: 46282 | O31: 46282 | P31: 36288000 | Q31: Không xác định | R31: CHAULTN.HCM.VTA | S31: Complete | T31: =LEFT(G31,6) | U31: =LEN(F31) | V31: 8
A32: 4 | B32: K26TAH | C32: '87 | D32: 46283 | E32: Chi nhánh Tổng Công ty Điện lực Thành phố Hồ Chí Minh TNHH - Công ty Dịch vụ Điện lực Thành phố Hồ Chí Minh | F32: '0300951119-017 | G32: 1388ĐĐ - Điều động VTTB theo PĐN ĐĐ 9970 ngày 17/09/26 và PGH 03.VH1.57.0010 ngày 17/09/26 - HĐ 87 ngày 18/09/2026 | H32: 3675000 | I32: 8 | J32: 294000 | K32: CK | L32: AR_TRANS | M32: 2139 | N32: 46283 | O32: 46283 | Q32: Không xác định | R32: CHAULTN.HCM.VTA | S32: Complete | T32: =LEFT(G32,6) | U32: =LEN(F32) | V32: 8
A33: 5 | B33: K26TAH | C33: '88 | D33: 46283 | E33: Chi nhánh Tổng Công ty Điện lực Thành phố Hồ Chí Minh TNHH - Công ty Dịch vụ Điện lực Thành phố Hồ Chí Minh | F33: '0300951119-017 | G33: 1388ĐĐ - Điều động VTTB theo PĐNĐĐ 9840 ngày 15/09/2026 và PGH 03.VH1.57.0008, 03.VH1.57.0009 ngày 15/09/26 - HĐ 88 ngày 18/09/26 | H33: 174936197 | I33: 8 | J33: 13994896 | K33: CK | L33: AR_TRANS | M33: 2155 | N33: 46283 | O33: 46283 | Q33: Không xác định | R33: CHAULTN.HCM.VTA | S33: Complete | T33: =LEFT(G33,6) | U33: =LEN(F33) | V33: 8
A34: 6 | B34: K26TAH | C34: '89 | D34: 46286 | E34: CHI NHÁNH TỔNG CÔNG TY ĐIỆN LỰC THÀNH PHỐ HỒ CHÍ MINH TNHH - CÔNG TY ĐIỆN LỰC BÌNH DƯƠNG | F34: '0300951119-028 | G34: 1388ĐĐ - Điều động VTTB theo CV 5120 nagỳ 18/09/2026 và PGH 03.VH1.57.0011 ngày 18/09/26 - HĐ 89 ngày 21/09/26 | H34: 52530000 | I34: 8 | J34: 4202400 | K34: CK | L34: AR_TRANS | M34: 2140 | N34: 46286 | O34: 46286 | Q34: Không xác định | R34: CHAULTN.HCM.VTA | S34: Complete | T34: =LEFT(G34,6) | U34: =LEN(F34) | V34: 8
A35: 7 | B35: K26TAH | C35: '90 | D35: 46286 | E35: Chi nhánh Tổng Công ty Điện lực Thành phố Hồ Chí Minh TNHH - Công ty Dịch vụ Điện lực Thành phố Hồ Chí Minh | F35: '0300951119-017 | G35: 1388ĐĐ - Điều động VTTB theo PĐN ĐĐ 10031 ngày 18/09/2026 và PGH 03.VH1.57.0012 ngày 21/09/26 - HĐ 90 ngày 21/09/2026 | H35: 2450000 | I35: 8 | J35: 196000 | K35: CK | L35: AR_TRANS | M35: 2156 | N35: 46286 | O35: 46286 | Q35: Không xác định | R35: CHAULTN.HCM.VTA | S35: Complete | T35: =LEFT(G35,6) | U35: =LEN(F35) | V35: 8
A36: 8 | B36: K26TAH | C36: '91 | D36: 46287 | E36: CHI NHÁNH TỔNG CÔNG TY ĐIỆN LỰC THÀNH PHỐ HỒ CHÍ MINH TNHH - CÔNG TY ĐIỆN LỰC ĐẤT ĐỎ | F36: '0300951119-020 | G36: 1388ĐĐ - Điều động VTTB theo CV 2925 ngày 18/09/26 và PGH 03.VH1.57.0013 ngày 21/09/2026 - HĐ 91 ngày 22/09/2026 | H36: 117544514 | I36: 8 | J36: 9403561 | K36: CK | L36: AR_TRANS | M36: 2157 | N36: 46287 | O36: 46287 | Q36: Không xác định | R36: CHAULTN.HCM.VTA | S36: Complete | T36: =LEFT(G36,6) | U36: =LEN(F36) | V36: 8
A37: 9 | B37: K26TAH | C37: '92 | D37: 46293 | E37: CHI NHÁNH TỔNG CÔNG TY ĐIỆN LỰC THÀNH PHỐ HỒ CHÍ MINH TNHH - CÔNG TY ĐIỆN LỰC BÌNH DƯƠNG | F37: '0300951119-028 | G37: 1388ĐĐ - Điều động VTTB theo CV 5219/24.09.26 của PC Bình Dương, PGH 03.VH1.57.0014 ngày 24.09.26 - HĐ 92 ngày 28.09.26 | H37: 5242293 | I37: 8 | J37: 419383 | K37: CK | L37: AR_TRANS | M37: 2167 | N37: 46293 | O37: 46293 | Q37: Không xác định | R37: CHAULTN.HCM.VTA | S37: Complete | T37: =LEFT(G37,6) | U37: =LEN(F37) | V37: 8
A38: 10 | B38: K26TAH | C38: '93 | D38: 46293 | E38: CHI NHÁNH 9 - CÔNG TY TNHH TRUYỀN HÌNH CÁP SAIGONTOURIST | F38: '0301463315-006 | G38: 4500TT - Doanh thu cho thuê cột điện từ 01/07/26 đến 30/09/26 SCTV - HĐ 93 ngày 28/09/2026 | H38: 274710660 | I38: 8 | J38: 21976853 | K38: CK | L38: AR_TRANS | M38: 2182 | N38: 46293 | O38: 46293 | Q38: Không xác định | R38: CHAULTN.HCM.VTA | S38: Complete | T38: =LEFT(G38,6) | U38: =LEN(F38) | V38: 10
A39: 11 | B39: K26TAH | C39: '94 | D39: 46293 | E39: MobiFone Thành phố Hồ Chí Minh - Chi nhánh Tổng công ty Viễn thông MobiFone | F39: '0100686209-002 | G39: 4500TT - Doanh thu cho thuê cột điện treo cáp viễn thông từ 01/07/26 đến 30/09/26 (MBF) - HĐ 94 ngày 28/09/26 | H39: 1213549653 | I39: 8 | J39: 97083972 | K39: CK | L39: AR_TRANS | M39: 2183 | N39: 46293 | O39: 46293 | Q39: Không xác định | R39: CHAULTN.HCM.VTA | S39: Complete | T39: =LEFT(G39,6) | U39: =LEN(F39) | V39: 8
A40: 12 | B40: K26TAH | C40: '95 | D40: 46293 | E40: Chi nhánh Công ty Cổ phần Viễn thông FPT | F40: '0101778163-001 | G40: 4500TT - Doanh thu cho thuê cột điện treo cáp viễn thông từ 01/09/2026 đến 30/09/26 FPT - HĐ 95 ngày 28/09/2026 | H40: 57336523 | I40: 8 | J40: 4586922 | K40: CK | L40: AR_TRANS | M40: 2168 | N40: 46293 | O40: 46293 | Q40: Không xác định | R40: CHAULTN.HCM.VTA | S40: Complete | T40: =LEFT(G40,6) | U40: =LEN(F40) | V40: 10
A41: 13 | B41: K26TAH | C41: '96 | D41: 46293 | E41: VNPT thành phố Hồ Chí Minh | F41: '0300954529 | G41: 4500TT - Doanh thu cho thuê cột điện từ 01/09/26 đến 30/09/26 VNPT - HĐ 96 ngày 28/09/26 | H41: 150296766 | I41: 8 | J41: 12023741 | K41: CK | L41: AR_TRANS | M41: 2184 | N41: 46293 | O41: 46293 | Q41: Không xác định | R41: CHAULTN.HCM.VTA | S41: Complete | T41: =LEFT(G41,6) | U41: =LEN(F41) | V41: 10
A42: 14 | B42: K26TAH | C42: '97 | D42: 46293 | E42: CHI NHÁNH CÔNG TY CỔ PHẦN TỔNG CÔNG TY TRUYỀN HÌNH CÁP VIỆT NAM TẠI TỈNH BÀ RỊA - VŨNG TÀU | F42: '0105926285-023 | G42: 4500TT - Doanh thu cho thuê cột điện treo cáp viễn thông từ 01/09/2026 đến 30/09/2026 - HĐ 97 ngày 28/09/2026 | H42: 45940071 | I42: 8 | J42: 3675206 | K42: CK | L42: AR_TRANS | M42: 2169 | N42: 46293 | O42: 46293 | Q42: Không xác định | R42: CHAULTN.HCM.VTA | S42: Complete | T42: =LEFT(G42,6) | U42: =LEN(F42) | V42: 8
A43: 15 | B43: 1K26TDA | C43: ' | D43: 46276 | E43: DIEN01-DOANH THU HÓA ĐƠN TIỀN ĐIỆN PHÁT SINH | F43: 'KHDIENKINHDOANH | G43: DIEN01 | H43: 305833672736 | I43: 8 | J43: 24466693819 | K43: DIEN01-DOANH THU HÓA ĐƠN TIỀN ĐIỆN PHÁT SINH TỪ NGÀY 11/09/2026 ĐẾN 11/09/2026 | L43: AR_TRANS | M43: 2106 | N43: 46276 | O43: 46276 | P43: 202349781493 | Q43: Không xác định | R43: QUYENNN.HCM.VTA | S43: Complete | T43: =LEFT(G43,6) | U43: =LEN(F43) | V43: 8
A44: 16 | B44: 1K26TDA | C44: ' | D44: 46276 | E44: CSPK02-DOANH THU HÓA ĐƠN TIỀN VÔ CÔNG PHÁT SINH | F44: 'KHDIENVOCONG | G44: CSPK02 | H44: 188521298 | I44: 8 | J44: 15081702 | K44: CSPK02-DOANH THU HÓA ĐƠN TIỀN VÔ CÔNG PHÁT SINH TỪ NGÀY 11/09/2026 ĐẾN 11/09/2026 | L44: AR_TRANS | M44: 2108 | N44: 46276 | O44: 46276 | Q44: Không xác định | R44: QUYENNN.HCM.VTA | S44: Complete | T44: =LEFT(G44,6) | U44: =LEN(F44) | V44: 8
A45: 17 | B45: 1K26TDA | C45: ' | D45: 46286 | E45: DIEN01-DOANH THU HÓA ĐƠN TIỀN ĐIỆN PHÁT SINH | F45: 'KHDIENKINHDOANH | G45: DIEN01 | H45: 340402908726 | I45: 8 | J45: 27232232700 | K45: DIEN01-DOANH THU HÓA ĐƠN TIỀN ĐIỆN PHÁT SINH TỪ NGÀY 21/09/2026 ĐẾN 21/09/2026 | L45: AR_TRANS | M45: 2131 | N45: 46286 | O45: 46286 | Q45: Không xác định | R45: QUYENNN.HCM.VTA | S45: Complete | T45: =LEFT(G45,6) | U45: =LEN(F45) | V45: 8
A46: 18 | B46: 1K26TDA | C46: ' | D46: 46286 | E46: CSPK02-DOANH THU HÓA ĐƠN TIỀN VÔ CÔNG PHÁT SINH | F46: 'KHDIENVOCONG | G46: CSPK02 | H46: 122527217 | I46: 8 | J46: 9802181 | K46: CSPK02-DOANH THU HÓA ĐƠN TIỀN VÔ CÔNG PHÁT SINH TỪ NGÀY 21/09/2026 ĐẾN 21/09/2026 | L46: AR_TRANS | M46: 2133 | N46: 46286 | O46: 46286 | Q46: Không xác định | R46: QUYENNN.HCM.VTA | S46: Complete | T46: =LEFT(G46,6) | U46: =LEN(F46) | V46: 8
A47: 19 | B47: 1K26TDA | C47: ' | D47: 46295 | E47: CSPK02-DOANH THU HÓA ĐƠN TIỀN VÔ CÔNG HỦY BỎ | F47: 'KHDIENVOCONG | G47: CSPK02 | H47: -896068 | I47: 8 | J47: -71685 | K47: CSPK02-DOANH THU HÓA ĐƠN TIỀN VÔ CÔNG HỦY BỎ T09/2026 | L47: AR_TRANS | M47: 2170 | N47: 46295 | O47: 46295 | P47: -967753 | Q47: Không xác định | R47: QUYENNN.HCM.VTA | S47: Complete | T47: =LEFT(G47,6) | U47: =LEN(F47)
A48: 20 | B48: 1K26TDA | C48: ' | D48: 46295 | E48: DIEN01-DOANH THU HÓA ĐƠN TIỀN ĐIỆN LẶP LẠI | F48: 'KHDIENKINHDOANH | G48: DIEN01 | H48: 54987416 | I48: 8 | J48: 4398992 | K48: DIEN01-DOANH THU HÓA ĐƠN TIỀN ĐIỆN LẶP LẠI T09/2026 | L48: AR_TRANS | M48: 2171 | N48: 46295 | O48: 46295 | Q48: Không xác định | R48: QUYENNN.HCM.VTA | S48: Complete | T48: =LEFT(G48,6) | U48: =LEN(F48)
A49: 21 | B49: 1K26TDA | C49: ' | D49: 46295 | E49: DIEN01-DOANH THU HÓA ĐƠN TIỀN ĐIỆN THOÁI HOÀN | F49: 'KHDIENKINHDOANH | G49: DIEN01 | H49: -12575260 | I49: 8 | J49: -1006021 | K49: DIEN01-DOANH THU HÓA ĐƠN TIỀN ĐIỆN THOÁI HOÀN T09/2026 | L49: AR_TRANS | M49: 2172 | N49: 46295 | O49: 46295 | P49: -13581281 | Q49: Không xác định | R49: QUYENNN.HCM.VTA | S49: Complete | T49: =LEFT(G49,6) | U49: =LEN(F49)
A50: 22 | B50: 1K26TDA | C50: ' | D50: 46295 | E50: DIEN01-DOANH THU HÓA ĐƠN TIỀN ĐIỆN TRUY THU | F50: 'KHDIENKINHDOANH | G50: DIEN01 | H50: 497228264 | I50: 8 | J50: 39778263 | K50: DIEN01-DOANH THU HÓA ĐƠN TIỀN ĐIỆN TRUY THU T09/2026 | L50: AR_TRANS | M50: 2173 | N50: 46295 | O50: 46295 | Q50: Không xác định | R50: QUYENNN.HCM.VTA | S50: Complete | T50: =LEFT(G50,6) | U50: =LEN(F50)
A51: 23 | B51: 1K26TDA | C51: ' | D51: 46281 | E51: DIEN01-DOANH THU HÓA ĐƠN TIỀN ĐIỆN PHÁT SINH | F51: 'KHDIENKINHDOANH | G51: DIEN01 | H51: 11196063409 | I51: 8 | J51: 895685075 | K51: DIEN01-DOANH THU HÓA ĐƠN TIỀN ĐIỆN PHÁT SINH TỪ NGÀY 16/09/2026 ĐẾN 16/09/2026 | L51: AR_TRANS | M51: 2175 | N51: 46281 | O51: 46281 | P51: 3537166491 | Q51: Không xác định | R51: QUYENNN.HCM.VTA | S51: Complete | T51: =LEFT(G51,6) | U51: =LEN(F51)
A52: 24 | B52: 1K26TDA | C52: ' | D52: 46281 | E52: CSPK02-DOANH THU HÓA ĐƠN TIỀN VÔ CÔNG PHÁT SINH | F52: 'KHDIENVOCONG | G52: CSPK02 | H52: 47189941 | I52: 8 | J52: 3775196 | K52: CSPK02-DOANH THU HÓA ĐƠN TIỀN VÔ CÔNG PHÁT SINH TỪ NGÀY 16/09/2026 ĐẾN 16/09/206 | L52: AR_TRANS | M52: 2176 | N52: 46281 | O52: 46281 | P52: 453441 | Q52: Không xác định | R52: QUYENNN.HCM.VTA | S52: Complete | T52: =LEFT(G52,6) | U52: =LEN(F52)
A53: 25 | B53: 1K26TDA | C53: ' | D53: 46295 | E53: DIEN01-DOANH THU HÓA ĐƠN TIỀN ĐIỆN HỦY BỎ | F53: 'KHDIENKINHDOANH | G53: DIEN01 | H53: -90228084 | I53: 8 | J53: -7218247 | K53: DIEN01-DOANH THU HÓA ĐƠN TIỀN ĐIỆN HỦY BỎ T09/2026 | L53: AR_TRANS | M53: 2187 | N53: 46295 | O53: 46295 | P53: -97446331 | Q53: Không xác định | R53: QUYENNN.HCM.VTA | S53: Complete | T53: =LEFT(G53,6) | U53: =LEN(F53)
A54: 26 | B54: 1K26TDA | C54: ' | E54: CSPK02-DOANH THU HÓA ĐƠN TIỀN VÔ CÔNG PHÁT SINH T08/2026 | F54: ' | G54: CSPK02 | H54: 609368333 | I54: 8 | J54: 48749477 | L54: GL | M54: 2839 | N54: 46276 | O54: 46276 | P54: 658117810 | Q54: Không xác định | R54: QUYENNN.HCM.VTA | S54: Not Reversed | T54: =LEFT(G54,6) | U54: =LEN(F54)
A55: 27 | H55: 736408133782 | I55: 8 | J55: 58912650773 | L55: GL | M55: 2839 | N55: 46276 | O55: 46276 | P55: 795320784555 | Q55: Không xác định | R55: QUYENNN.HCM.VTA | S55: Not Reversed | T55: =LEFT(G55,6) | U55: =LEN(F55)
A56: Tổng cộng | T56: =LEFT(G56,6) | U56: =LEN(F56)
A57: 5.Hàng hóa, dịch vụ không phải tổng hợp trên tờ khai 01/GTGT | T57: =LEFT(G57,6) | U57: =LEN(F57)
A58: 1 | T58: =LEFT(G58,6) | U58: =LEN(F58)
A59: Tổng cộng | T59: =LEFT(G59,6)
A60: Tổng cộng | T60: =LEFT(G60,6) | U60: =LEN(F60)
A61: Tổng doanh thu dịch vụ hàng hóa bán ra : 1398185413731 | T61: =LEFT(G61,6) | U61: =LEN(F61)
A62: Tổng thuế GTGT của dịch vụ hàng hóa bán ra : 111833520418 | T62: =LEFT(G62,6) | U62: =LEN(F62)
J65: ….., ngày ….., tháng ….., năm …...
J66: NGƯỜI NỘP THUẾ hoặc
J67: ĐẠI DIỆN HỢP PHÁP CỦA NGƯỜI NỘP THUẾ
J68: Ký tên, đóng dấu (Ghi rõ họ tên và chức vụ)

Sheet 333111
A1: TỔNG CÔNG TY ĐIỆN LỰC THÀNH PHỐ HỒ CHÍ MINH TNHH | M1: 333111 | N1: 333113 | O1: 333114
A2: CHI NHÁNH TỔNG CÔNG TY ĐIỆN LỰC THÀNH PHỐ HỒ CHÍ MINH TNHH - CÔNG TY ĐIỆN LỰC VŨNG TÀU | L2: DIEN01 | M2: =SUMIFS($F:$F,$K:$K,M$1,$J:$J,$L2,$I:$I,5) | N2: =SUMIFS($F:$F,$K:$K,N$1,$J:$J,$L2,$I:$I,5) | O2: =SUMIFS($F:$F,$K:$K,O$1,$J:$J,$L2,$I:$I,5)
A3: SỔ CHI TIẾT THEO TÀI KHOẢN THUẾ | L3: CSPK02 | M3: =SUMIFS($F:$F,$K:$K,M$1,$J:$J,$L3,$I:$I,5) | N3: =SUMIFS($F:$F,$K:$K,N$1,$J:$J,$L3,$I:$I,5) | O3: =SUMIFS($F:$F,$K:$K,O$1,$J:$J,$L3,$I:$I,5)
A4: Tài khoản: 33311 - Thuế và các khoản phải nộp Nhà nước – Thuế giá trị gia tăng phải nộp – Thuế GTGT đầu ra | L4: 1388ĐĐ | M4: =SUMIFS($F:$F,$K:$K,M$1,$J:$J,$L4,$I:$I,5) | N4: =SUMIFS($F:$F,$K:$K,N$1,$J:$J,$L4,$I:$I,5) | O4: =SUMIFS($F:$F,$K:$K,O$1,$J:$J,$L4,$I:$I,5) | Q4: vật tư điều động
A5: Loại hình: - | L5: 5118QT | M5: =SUMIFS($F:$F,$K:$K,M$1,$J:$J,$L5,$I:$I,5) | N5: =SUMIFS($F:$F,$K:$K,N$1,$J:$J,$L5,$I:$I,5) | O5: =SUMIFS($F:$F,$K:$K,O$1,$J:$J,$L5,$I:$I,5) | Q5: quà tặng
A6: Từ ngày: 01/09/2026 đến ngày: 30/09/2026 | L6: 4500TT | M6: =SUMIFS($F:$F,$K:$K,M$1,$J:$J,$L6,$I:$I,5) | N6: =SUMIFS($F:$F,$K:$K,N$1,$J:$J,$L6,$I:$I,5) | O6: =SUMIFS($F:$F,$K:$K,O$1,$J:$J,$L6,$I:$I,5) | Q6: dường dây thông tin
M7: =SUM(M2:M6) | N7: =SUM(N2:N6) | O7: =SUM(O2:O6) | P7: =SUM(P2:P6)
A9: CHỨNG TỪ | D9: DIỄN GIẢI | E9: PHÁT SINH NỢ | F9: PHÁT SINH CÓ | G9: Người hạch toán | H9: Trạng thái
A10: Ngày chứng từ | B10: Số chứng từ | C10: Nguồn chứng từ
A11: Tài khoản: 33311100000 | D11: Dư đầu kỳ | E11: 922629212 | I11: =LEN(A11) | J11: =LEFT(D11,6) | K11: =IF(LEFT(A11,11)="Tài khoản: ",MID(A11,12,6),K10)
A12: 46276 | B12: '2106 | C12: AR_TRANS | D12: DIEN01-DOANH THU HÓA ĐƠN TIỀN ĐIỆN PHÁT SINH TỪ NGÀY 11/09/2026 ĐẾN 11/09/2026 | F12: 24466693819 | G12: QUYENNN.HCM.VTA | H12: Final to Post | I12: =LEN(A12) | J12: =LEFT(D12,6) | K12: =IF(LEFT(A12,11)="Tài khoản: ",MID(A12,12,6),K11)
A13: 46276 | B13: '2108 | C13: AR_TRANS | D13: CSPK02-DOANH THU HÓA ĐƠN TIỀN VÔ CÔNG PHÁT SINH TỪ NGÀY 11/09/2026 ĐẾN 11/09/2026 | F13: 15081702 | G13: QUYENNN.HCM.VTA | H13: Final to Post | I13: =LEN(A13) | J13: =LEFT(D13,6) | K13: =IF(LEFT(A13,11)="Tài khoản: ",MID(A13,12,6),K12)
A14: 46276 | B14: '2839 | C14: GL | D14: CSPK02-Giải trừ thuế GTGT đầu ra từ 33895 sang 333111 AR 2038-31/08/2026 | F14: 48749477 | G14: QUYENNN.HCM.VTA | H14: Post | I14: =LEN(A14) | J14: =LEFT(D14,6) | K14: =IF(LEFT(A14,11)="Tài khoản: ",MID(A14,12,6),K13)
A15: 46276 | B15: '2839 | C15: GL | D15: DIEN01-Giải trừ thuế GTGT đầu ra từ 33895 sang 333111 AR 2036-31/08/2026 | F15: 58912650773 | G15: QUYENNN.HCM.VTA | H15: Post | I15: =LEN(A15) | J15: =LEFT(D15,6) | K15: =IF(LEFT(A15,11)="Tài khoản: ",MID(A15,12,6),K14)
A16: 46281 | B16: '2175 | C16: AR_TRANS | D16: DIEN01-DOANH THU HÓA ĐƠN TIỀN ĐIỆN PHÁT SINH TỪ NGÀY 16/09/2026 ĐẾN 16/09/2026 | F16: 895685075 | G16: QUYENNN.HCM.VTA | H16: Final to Post | I16: =LEN(A16) | J16: =LEFT(D16,6) | K16: =IF(LEFT(A16,11)="Tài khoản: ",MID(A16,12,6),K15)
A17: 46281 | B17: '2176 | C17: AR_TRANS | D17: CSPK02-DOANH THU HÓA ĐƠN TIỀN VÔ CÔNG PHÁT SINH TỪ NGÀY 16/09/2026 ĐẾN 16/09/206 | F17: 3775196 | G17: QUYENNN.HCM.VTA | H17: Final to Post | I17: =LEN(A17) | J17: =LEFT(D17,6) | K17: =IF(LEFT(A17,11)="Tài khoản: ",MID(A17,12,6),K16)
A18: 46281 | B18: 'AP262465 | C18: AP_INV | D18: Phải nộp tiền thuế GTGT tháng 8/2026 | E18: 577370788 | G18: TUAN2HM.HCM.VTA | H18: Final to Post | I18: =LEN(A18) | J18: =LEFT(D18,6) | K18: =IF(LEFT(A18,11)="Tài khoản: ",MID(A18,12,6),K17)
A19: 46286 | B19: '2131 | C19: AR_TRANS | D19: DIEN01-DOANH THU HÓA ĐƠN TIỀN ĐIỆN PHÁT SINH TỪ NGÀY 21/09/2026 ĐẾN 21/09/2026 | F19: 27232232700 | G19: QUYENNN.HCM.VTA | H19: Final to Post | I19: =LEN(A19) | J19: =LEFT(D19,6) | K19: =IF(LEFT(A19,11)="Tài khoản: ",MID(A19,12,6),K18)
A20: 46286 | B20: '2133 | C20: AR_TRANS | D20: CSPK02-DOANH THU HÓA ĐƠN TIỀN VÔ CÔNG PHÁT SINH TỪ NGÀY 21/09/2026 ĐẾN 21/09/2026 | F20: 9802181 | G20: QUYENNN.HCM.VTA | H20: Final to Post | I20: =LEN(A20) | J20: =LEFT(D20,6) | K20: =IF(LEFT(A20,11)="Tài khoản: ",MID(A20,12,6),K19)
A21: 46295 | B21: '2170 | C21: AR_TRANS | D21: CSPK02-DOANH THU HÓA ĐƠN TIỀN VÔ CÔNG HỦY BỎ T09/2026 | F21: -71685 | G21: QUYENNN.HCM.VTA | H21: Final to Post | I21: =LEN(A21) | J21: =LEFT(D21,6) | K21: =IF(LEFT(A21,11)="Tài khoản: ",MID(A21,12,6),K20)
A22: 46295 | B22: '2171 | C22: AR_TRANS | D22: DIEN01-DOANH THU HÓA ĐƠN TIỀN ĐIỆN LẶP LẠI T09/2026 | F22: 4398992 | G22: QUYENNN.HCM.VTA | H22: Final to Post | I22: =LEN(A22) | J22: =LEFT(D22,6) | K22: =IF(LEFT(A22,11)="Tài khoản: ",MID(A22,12,6),K21)
A23: 46295 | B23: '2172 | C23: AR_TRANS | D23: DIEN01-DOANH THU HÓA ĐƠN TIỀN ĐIỆN THOÁI HOÀN T09/2026 | F23: -1006021 | G23: QUYENNN.HCM.VTA | H23: Final to Post | I23: =LEN(A23) | J23: =LEFT(D23,6) | K23: =IF(LEFT(A23,11)="Tài khoản: ",MID(A23,12,6),K22)
A24: 46295 | B24: '2173 | C24: AR_TRANS | D24: DIEN01-DOANH THU HÓA ĐƠN TIỀN ĐIỆN TRUY THU T09/2026 | F24: 39778263 | G24: QUYENNN.HCM.VTA | H24: Final to Post | I24: =LEN(A24) | J24: =LEFT(D24,6) | K24: =IF(LEFT(A24,11)="Tài khoản: ",MID(A24,12,6),K23)
A25: 46295 | B25: '2187 | C25: AR_TRANS | D25: DIEN01-DOANH THU HÓA ĐƠN TIỀN ĐIỆN HỦY BỎ T09/2026 | F25: -7218247 | G25: QUYENNN.HCM.VTA | H25: Final to Post | I25: =LEN(A25) | J25: =LEFT(D25,6) | K25: =IF(LEFT(A25,11)="Tài khoản: ",MID(A25,12,6),K24)
A26: 46295 | B26: '2855 | C26: GL | D26: Kết chuyển TK 13313_9000 qua TK 333111 | E26: 110027 | G26: LINH3NTT.HCM.VTA | H26: Post | I26: =LEN(A26) | J26: =LEFT(D26,6) | K26: =IF(LEFT(A26,11)="Tài khoản: ",MID(A26,12,6),K25)
A27: 46295 | B27: '3122 | C27: GL | D27: Kết chuyển Thuế GTGT (333113,333114 về 333111) Tháng 9/2026 | F27: 212968193 | G27: TUAN2HM.HCM.VTA | H27: Unpost | I27: =LEN(A27) | J27: =LEFT(D27,6) | K27: =IF(LEFT(A27,11)="Tài khoản: ",MID(A27,12,6),K26)
A28: 46295 | B28: '3123 | C28: GL | D28: Kê khai thuế GTGT tháng 9 CT ĐTXD | E28: 27831187 | G28: HIENNTK.HCM.VTA | H28: Post | I28: =LEN(A28) | J28: =LEFT(D28,6) | K28: =IF(LEFT(A28,11)="Tài khoản: ",MID(A28,12,6),K27)
A29: 46295 | B29: '3193 | C29: GL | D29: K/c thuế GTGT từ 1331 về 3331 tháng 9/2026 | E29: 102540977433 | G29: TUAN2HM.HCM.VTA | H29: Unpost | I29: =LEN(A29) | J29: =LEFT(D29,6) | K29: =IF(LEFT(A29,11)="Tài khoản: ",MID(A29,12,6),K28)
D30: Cộng phát sinh | E30: 103146289435 | F30: 111833520418 | I30: =LEN(A30) | J30: =LEFT(D30,6) | K30: =IF(LEFT(A30,11)="Tài khoản: ",MID(A30,12,6),K29)
D31: Dư cuối kỳ | F31: 7764601771 | I31: =LEN(A31) | J31: =LEFT(D31,6) | K31: =IF(LEFT(A31,11)="Tài khoản: ",MID(A31,12,6),K30)
A32: Tài khoản: 33311300000 | D32: Dư đầu kỳ | I32: =LEN(A32) | J32: =LEFT(D32,6) | K32: =IF(LEFT(A32,11)="Tài khoản: ",MID(A32,12,6),K31)
A33: 46275 | B33: '2149 | C33: AR_TRANS | D33: 1388ĐĐ - Điều động VTTB theo CV 6267 ngày 04/09/26, PGH 03.VHJ.43.0002 ngày 07/09/26 - HĐ 84/10.09.2026 | F33: 26731560 | G33: CHAULTN.HCM.VTA | H33: Final to Post | I33: =LEN(A33) | J33: =LEFT(D33,6) | K33: =IF(LEFT(A33,11)="Tài khoản: ",MID(A33,12,6),K32)
A34: 46282 | B34: '2150 | C34: AR_TRANS | D34: 1388ĐĐ - Điều động VTTH theo PĐĐ 9165 ngày 20/08/26 & PGH 03.VH1.17.0002 ngày 08/09/26 - HĐ 85/17.09.2026 | F34: 15691699 | G34: CHAULTN.HCM.VTA | H34: Final to Post | I34: =LEN(A34) | J34: =LEFT(D34,6) | K34: =IF(LEFT(A34,11)="Tài khoản: ",MID(A34,12,6),K33)
A35: 46282 | B35: '2154 | C35: AR_TRANS | D35: 1388ĐĐ - Điều động VTTB theo PĐNĐĐ 9165 ngày 20/08/26 và PGH 03.VH1.17.0002 ngày 08/09/26 - HĐ 86/17.09.2026 | F35: 2688000 | G35: CHAULTN.HCM.VTA | H35: Final to Post | I35: =LEN(A35) | J35: =LEFT(D35,6) | K35: =IF(LEFT(A35,11)="Tài khoản: ",MID(A35,12,6),K34)
A36: 46283 | B36: '2139 | C36: AR_TRANS | D36: 1388ĐĐ - Điều động VTTB theo PĐN ĐĐ 9970 ngày 17/09/26 và PGH 03.VH1.57.0010 ngày 17/09/26 - HĐ 87 ngày 18/09/2026 | F36: 294000 | G36: CHAULTN.HCM.VTA | H36: Final to Post | I36: =LEN(A36) | J36: =LEFT(D36,6) | K36: =IF(LEFT(A36,11)="Tài khoản: ",MID(A36,12,6),K35)
A37: 46283 | B37: '2155 | C37: AR_TRANS | D37: 1388ĐĐ - Điều động VTTB theo PĐNĐĐ 9840 ngày 15/09/2026 và PGH 03.VH1.57.0008, 03.VH1.57.0009 ngày 15/09/26 - HĐ 88 ngày 18/09/26 | F37: 13994896 | G37: CHAULTN.HCM.VTA | H37: Final to Post | I37: =LEN(A37) | J37: =LEFT(D37,6) | K37: =IF(LEFT(A37,11)="Tài khoản: ",MID(A37,12,6),K36)
A38: 46286 | B38: '2140 | C38: AR_TRANS | D38: 1388ĐĐ - Điều động VTTB theo CV 5120 nagỳ 18/09/2026 và PGH 03.VH1.57.0011 ngày 18/09/26 - HĐ 89 ngày 21/09/26 | F38: 4202400 | G38: CHAULTN.HCM.VTA | H38: Final to Post | I38: =LEN(A38) | J38: =LEFT(D38,6) | K38: =IF(LEFT(A38,11)="Tài khoản: ",MID(A38,12,6),K37)
A39: 46286 | B39: '2156 | C39: AR_TRANS | D39: 1388ĐĐ - Điều động VTTB theo PĐN ĐĐ 10031 ngày 18/09/2026 và PGH 03.VH1.57.0012 ngày 21/09/26 - HĐ 90 ngày 21/09/2026 | F39: 196000 | G39: CHAULTN.HCM.VTA | H39: Final to Post | I39: =LEN(A39) | J39: =LEFT(D39,6) | K39: =IF(LEFT(A39,11)="Tài khoản: ",MID(A39,12,6),K38)
A40: 46287 | B40: '2157 | C40: AR_TRANS | D40: 1388ĐĐ - Điều động VTTB theo CV 2925 ngày 18/09/26 và PGH 03.VH1.57.0013 ngày 21/09/2026 - HĐ 91 ngày 22/09/2026 | F40: 9403561 | G40: CHAULTN.HCM.VTA | H40: Final to Post | I40: =LEN(A40) | J40: =LEFT(D40,6) | K40: =IF(LEFT(A40,11)="Tài khoản: ",MID(A40,12,6),K39)
A41: 46293 | B41: '2167 | C41: AR_TRANS | D41: 1388ĐĐ - Điều động VTTB theo CV 5219/24.09.26 của PC Bình Dương, PGH 03.VH1.57.0014 ngày 24.09.26 - HĐ 92 ngày 28.09.26 | F41: 419383 | G41: CHAULTN.HCM.VTA | H41: Final to Post | I41: =LEN(A41) | J41: =LEFT(D41,6) | K41: =IF(LEFT(A41,11)="Tài khoản: ",MID(A41,12,6),K40)
A42: 46295 | B42: '3122 | C42: GL | D42: Kết chuyển Thuế GTGT (333113 về 333111) Tháng 9/2026 | F42: -73621499 | G42: TUAN2HM.HCM.VTA | H42: Unpost | I42: =LEN(A42) | J42: =LEFT(D42,6) | K42: =IF(LEFT(A42,11)="Tài khoản: ",MID(A42,12,6),K41)
D43: Cộng phát sinh | F43: 0 | I43: =LEN(A43) | J43: =LEFT(D43,6) | K43: =IF(LEFT(A43,11)="Tài khoản: ",MID(A43,12,6),K42)
D44: Dư cuối kỳ | I44: =LEN(A44) | J44: =LEFT(D44,6) | K44: =IF(LEFT(A44,11)="Tài khoản: ",MID(A44,12,6),K43)
A45: Tài khoản: 33311400000 | D45: Dư đầu kỳ | I45: =LEN(A45) | J45: =LEFT(D45,6) | K45: =IF(LEFT(A45,11)="Tài khoản: ",MID(A45,12,6),K44)
A46: 46293 | D46: 4500TT - Doanh thu cho thuê cột điện treo cáp viễn thông từ 01/09/2026 đến 30/09/26 FPT - HĐ 95 ngày 28/09/2026 | F46: 4586922 | G46: CHAULTN.HCM.VTA | H46: Final to Post | I46: =LEN(A46) | J46: =LEFT(D46,6) | K46: =IF(LEFT(A46,11)="Tài khoản: ",MID(A46,12,6),K45)
A47: 46293 | B47: '2169 | C47: AR_TRANS | D47: 4500TT - Doanh thu cho thuê cột điện treo cáp viễn thông từ 01/09/2026 đến 30/09/2026 - HĐ 97 ngày 28/09/2026 | F47: 3675206 | G47: CHAULTN.HCM.VTA | H47: Final to Post | I47: =LEN(A47) | J47: =LEFT(D47,6) | K47: =IF(LEFT(A47,11)="Tài khoản: ",MID(A47,12,6),K46)
A48: 46293 | B48: '2182 | C48: AR_TRANS | D48: 4500TT - Doanh thu cho thuê cột điện từ 01/07/26 đến 30/09/26 SCTV - HĐ 93 ngày 28/09/2026 | F48: 21976853 | G48: CHAULTN.HCM.VTA | H48: Final to Post | I48: =LEN(A48) | J48: =LEFT(D48,6) | K48: =IF(LEFT(A48,11)="Tài khoản: ",MID(A48,12,6),K47)
A49: 46293 | B49: '2183 | C49: AR_TRANS | D49: 4500TT - Doanh thu cho thuê cột điện treo cáp viễn thông từ 01/07/26 đến 30/09/26 (MBF) - HĐ 94 ngày 28/09/26 | F49: 97083972 | G49: CHAULTN.HCM.VTA | H49: Final to Post | I49: =LEN(A49) | J49: =LEFT(D49,6) | K49: =IF(LEFT(A49,11)="Tài khoản: ",MID(A49,12,6),K48)
A50: 46293 | B50: '2184 | C50: AR_TRANS | D50: 4500TT - Doanh thu cho thuê cột điện từ 01/09/26 đến 30/09/26 VNPT - HĐ 96 ngày 28/09/26 | F50: 12023741 | G50: CHAULTN.HCM.VTA | H50: Final to Post | I50: =LEN(A50) | J50: =LEFT(D50,6) | K50: =IF(LEFT(A50,11)="Tài khoản: ",MID(A50,12,6),K49)
A51: 46295 | B51: '3122 | C51: GL | D51: Kết chuyển Thuế GTGT (333114 về 333111) Tháng 9/2026 | F51: -139346694 | G51: TUAN2HM.HCM.VTA | H51: Unpost | I51: =LEN(A51) | J51: =LEFT(D51,6) | K51: =IF(LEFT(A51,11)="Tài khoản: ",MID(A51,12,6),K50)
D52: Cộng phát sinh | F52: 0 | I52: =LEN(A52) | J52: =LEFT(D52,6) | K52: =IF(LEFT(A52,11)="Tài khoản: ",MID(A52,12,6),K51)
D53: Dư cuối kỳ | I53: =LEN(A53) | J53: =LEFT(D53,6) | K53: =IF(LEFT(A53,11)="Tài khoản: ",MID(A53,12,6),K52)
D54: Tổng Dư đầu kỳ | E54: 922629212 | I54: =LEN(A54) | J54: =LEFT(D54,6) | K54: =IF(LEFT(A54,11)="Tài khoản: ",MID(A54,12,6),K53)
D55: Tổng Cộng phát sinh | E55: 103146289435 | F55: 111833520418 | I55: =LEN(A55) | J55: =LEFT(D55,6) | K55: =IF(LEFT(A55,11)="Tài khoản: ",MID(A55,12,6),K54)
D56: Tổng Dư cuối kỳ | F56: 7764601771 | I56: =LEN(A56) | J56: =LEFT(D56,6) | K56: =IF(LEFT(A56,11)="Tài khoản: ",MID(A56,12,6),K55)
I57: =LEN(A57) | J57: =LEFT(D57,6) | K57: =IF(LEFT(A57,11)="Tài khoản: ",MID(A57,12,6),K56)
A58: TP. Hồ Chí Minh, ngày ..... tháng ..... năm .......... | I58: =LEN(A58) | J58: =LEFT(D58,6) | K58: =IF(LEFT(A58,11)="Tài khoản: ",MID(A58,12,6),K57)
I59: =LEN(A59) | J59: =LEFT(D59,6) | K59: =IF(LEFT(A59,11)="Tài khoản: ",MID(A59,12,6),K58)
I60: =LEN(A60) | J60: =LEFT(D60,6) | K60: =IF(LEFT(A60,11)="Tài khoản: ",MID(A60,12,6),K59)
A61: EVN_TA_030, người in: TUAN2HM.HCM.VTA, ngày in: 07/10/2026 15:05:46. | I61: =LEN(A61) | J61: =LEFT(D61,6) | K61: =IF(LEFT(A61,11)="Tài khoản: ",MID(A61,12,6),K60)

Sheet 33895
A1: TỔNG CÔNG TY ĐIỆN LỰC THÀNH PHỐ HỒ CHÍ MINH TNHH | M1: Nợ_giải trừ | N1: Có_treo
A2: CHI NHÁNH TỔNG CÔNG TY ĐIỆN LỰC THÀNH PHỐ HỒ CHÍ MINH TNHH - CÔNG TY ĐIỆN LỰC VŨNG TÀU | L2: DIEN01 | M2: =SUMIF($J:$J,$L2,F:F) | N2: =SUMIF($J:$J,$L2,G:G)
A3: SỔ CHI TIẾT TÀI KHOẢN THEO 3 CẤP ĐỐI TƯỢNG DFF | L3: CSPK02 | M3: =SUMIF($J:$J,$L3,F:F) | N3: =SUMIF($J:$J,$L3,G:G)
A4: Tài khoản 33895 - Phải trả, phải nộp khác – Thuế đầu ra chưa kê khai | M4: =SUM(M2:M3) | N4: =SUM(N2:N3)
A5: Tất cả loại hình
A6: Từ ngày 01/09/2026 đến ngày 30/09/2026
A7: Nguồn bút toán | B7: Chứng từ | E7: Diễn giải | F7: Số phát sinh Nợ | G7: Số phát sinh Có | H7: Người lập | I7: Trạng Thái
B8: Ngày | C8: Số CT Phân hệ phụ | D8: Số CT phân | H8: Chứng từ
D9: hệ GL
A10: 33895000000-Phải trả, phải nộp khác – Thuế đầu ra chưa kê khai
E11: Số dư đầu kỳ | G11: 58961400250
A12: Khác | G12: 58961400250
A13: Khác | G13: 58961400250
A14: Khác | G14: 58961400250
A15: GL-Manual | B15: 46276 | D15: 2839 | E15: 082900.000000.000.33895000000.0000.0000.000.000000.0000.0000 | F15: 58912650773 | H15: QUYENNN.HCM.VTA | I15: Post | J15: DIEN01 | K15: =IF(H15=$K$9,G15,0)
E16: DIEN01-Giải trừ thuế GTGT đầu ra từ 33895 sang 333111 AR 2036-31/08/2026 | J16: DIEN01 | K16: =IF(H16=$K$9,G16,0)
A17: GL-Manual | B17: 46276 | D17: 2839 | E17: 082900.000000.000.33895000000.0000.0000.000.000000.0000.0000 | H17: QUYENNN.HCM.VTA | I17: Post | J17: DIEN00 | K17: =IF(H17=$K$9,G17,0)
E18: DIEN00-Giải trừ thuế GTGT đầu ra từ 33895 sang 333111 AR 2037-31/08/2026 | J18: DIEN00 | K18: =IF(H18=$K$9,G18,0)
A19: GL-Manual | B19: 46276 | D19: 2839 | E19: 082900.000000.000.33895000000.0000.0000.000.000000.0000.0000 | F19: 48749477 | H19: QUYENNN.HCM.VTA | I19: Post | J19: CSPK02 | K19: =IF(H19=$K$9,G19,0)
E20: CSPK02-Giải trừ thuế GTGT đầu ra từ 33895 sang 333111 AR 2038-31/08/2026 | J20: CSPK02 | K20: =IF(H20=$K$9,G20,0)
A21: AR-Transaction | B21: 46295 | C21: 2177 | E21: 082900.000000.000.33895000000.0000.0000.000.000000.0000.0000 | G21: 54304559408 | H21: QUYENNN.HCM.VTA | I21: Final Post GL | J21: DIEN01 | K21: =IF(H21=$K$9,G21,0)
E22: DIEN01-DOANH THU HÓA ĐƠN TIỀN ĐIỆN PHÁT SINH T09/2026 | J22: DIEN01 | K22: =IF(H22=$K$9,G22,0)
A23: AR-Transaction | B23: 46295 | C23: 2201 | E23: 082900.000000.000.33895000000.0000.0000.000.000000.0000.0000 | G23: 44497199 | H23: QUYENNN.HCM.VTA | I23: Final Post GL | J23: CSPK02 | K23: =IF(H23=$K$9,G23,0)
E24: CSPK02-DOANH THU HÓA ĐƠN TIỀN VÔ CÔNG PHÁT SINH T09/2026 | J24: CSPK02 | K24: =IF(H24=$K$9,G24,0)
A25: AR-Transaction | B25: 46295 | C25: 2178 | E25: 082900.000000.000.33895000000.0000.0000.000.000000.0000.0000 | H25: QUYENNN.HCM.VTA | I25: Final Post GL | J25: DIEN00 | K25: =IF(H25=$K$9,G25,0)
E26: DIEN00-DOANH THU HÓA ĐƠN TIỀN ĐIỆN PHÁT SINH-CT TNHH NHÔM TOÀN CẦU VIỆT NAM KỲ 3/9/2026 | J26: DIEN00 | K26: =IF(H26=$K$9,G26,0)
B27: Cộng phát sinh – cấp 3 | F27: 58961400250 | G27: 54349056607
B28: Dư cuối kỳ | G28: 54349056607
B29: Cộng phát sinh – cấp 2 | F29: 58961400250 | G29: 54349056607
B30: Dư cuối kỳ | G30: 54349056607
B31: Cộng phát sinh – cấp 1 | F31: 58961400250 | G31: 54349056607
B32: Dư cuối kỳ | G32: 54349056607
B33: Cộng phát sinh-33895000000 | F33: 58961400250 | G33: 54349056607
B34: Dư cuối kỳ- | G34: 54349056607
B35: Tổng Dư đầu kỳ - 33895000000 | G35: 58961400250
B36: Tổng Cộng phát sinh | F36: 58961400250 | G36: 54349056607
B37: Tổng Dư cuối kỳ | G37: 54349056607
C38: Người lập biểu | D38: Kế toán trưởng
C39: (Ký, họ tên) | D39: (Ký, họ tên)

Sheet TA36
J1: Mẫu số : 01-2/GTGT | W1: TUAN2HM.HCM.VTA | X1: =SUMIF($R:$R,$W1,$H:$H) | Y1: =SUMIF($R:$R,$W1,$J:$J) | Z1: =SUMIF('13311'!$G:$G,'TA36'!$W1,'13311'!$E:$E) | AA1: =Y1-Z1
J2: (Ban hành kèm theo thông tư | W2: LINH3NTT.HCM.VTA | X2: =SUMIF($R:$R,$W2,$H:$H) | Y2: =SUMIF($R:$R,$W2,$J:$J) | Z2: =SUMIF('13311'!$G:$G,'TA36'!$W2,'13311'!$E:$E) | AA2: =Y2-Z2
J3: số 119/2014/TT-BTC ngày | W3: THANH5DT.HCM.VTA | X3: =SUMIF($R:$R,$W3,$H:$H) | Y3: =SUMIF($R:$R,$W3,$J:$J) | Z3: =SUMIF('13311'!$G:$G,'TA36'!$W3,'13311'!$E:$E) | AA3: =Y3-Z3
J4: 25/08/2014 của Bộ tài chính) | W4: HIENNTK.HCM.VTA | X4: =SUMIF($R:$R,$W4,$H:$H) | Y4: =SUMIF($R:$R,$W4,$J:$J) | Z4: =SUMIF('13311'!$G:$G,'TA36'!$W4,'13311'!$E:$E) | AA4: =Y4-Z4
W5: QUYENNN.HCM.VTA | X5: =SUMIF($R:$R,$W5,$H:$H) | Y5: =SUMIF($R:$R,$W5,$J:$J) | Z5: =SUMIF('13311'!$G:$G,'TA36'!$W5,'13311'!$E:$E) | AA5: =Y5-Z5
B6: BẢNG KÊ HÓA ĐƠN, CHỨNG TỪ HÀNG HÓA, DỊCH VỤ MUA VÀO(Kiểm soát số liệu) | W6: HUENT.HCM.VTA | X6: =SUMIF($R:$R,$W6,$H:$H) | Y6: =SUMIF($R:$R,$W6,$J:$J) | Z6: =SUMIF('13311'!$G:$G,'TA36'!$W6,'13311'!$E:$E) | AA6: =Y6-Z6
B7: Kèm theo tờ kê khai thuế GTGT theo mẫu số 01/GTGT | W7: THAOPTT.HCM.VTA | X7: =SUMIF($R:$R,$W7,$H:$H) | Y7: =SUMIF($R:$R,$W7,$J:$J) | Z7: =SUMIF('13311'!$G:$G,'TA36'!$W7,'13311'!$E:$E) | AA7: =Y7-Z7
B8: Từ ngày 01/09/2026 đến ngày 30/09/2026 | W8: CHAULTN.HCM.VTA | X8: =SUMIF($R:$R,$W8,$H:$H) | Y8: =SUMIF($R:$R,$W8,$J:$J) | Z8: =SUMIF('13311'!$G:$G,'TA36'!$W8,'13311'!$E:$E) | AA8: =Y8-Z8
W9: THUTT.HCM.VTA | X9: =SUMIF($R:$R,$W9,$H:$H) | Y9: =SUMIF($R:$R,$W9,$J:$J) | Z9: =SUMIF('13311'!$G:$G,'TA36'!$W9,'13311'!$E:$E) | AA9: =Y9-Z9
B10: Người nộp thuế : CHI NHÁNH TỔNG CÔNG TY ĐIỆN LỰC THÀNH PHỐ HỒ CHÍ MINH TNHH - CÔNG TY ĐIỆN LỰC VŨNG TÀU | X10: =SUM(X1:X9) | Y10: =SUM(Y1:Y9) | Z10: =SUM(Z1:Z9) | AA10: =SUM(AA1:AA9)
B11: Mã số thuế : 0300951119-010 | X11: TAX36 | Y11: TAX36 | Z11: TA030
N12: Đơn vị tính: đồng Việt Nam | V12: XDCB | X12: trước thuế | Y12: tiền thuế
W13: SXKD | X13: =X10-X14 | Y13: =Y10-Y14
A14: STT | B14: Hóa đơn chứng từ bán | E14: Tên người bán | F14: Mã số thuế người bán | G14: Mặt hàng | H14: Doanh số mua chưa có thuế | I14: Thuế suất (%) | J14: Thuế GTGT | K14: Ghi chú | L14: Nguồn chứng từ | M14: Số chứng từ | N14: Ngày lập chứng từ | O14: Thời hạn thanh toán trả chậm | P14: Số tiền đã thanh toán | Q14: Loại hình SXKD | R14: Người lập chứng từ | S14: Trạng thái | T14: =IF(OR(LEN(F14)=11,LEN(F14)=15),"Đ","SAI") | U14: =ROUND(H14*I14%,0)-J14 | V14: =IF(Q14=$V$12,13313,13311) | W14: XDCB | X14: =SUMIF($Q:$Q,$V$12,$H:$H) | Y14: =SUMIF($Q:$Q,$V$12,$J:$J)
B15: Ký hiệu hóa đơn | C15: Số hóa đơn | D15: Ngày, tháng, năm phát hành | T15: =IF(OR(LEN(F15)=11,LEN(F15)=15),"Đ","SAI") | U15: =ROUND(H15*I15%,0)-J15 | V15: =IF(Q15=$V$12,13313,13311) | X15: =SUM(X13:X14) | Y15: =SUM(Y13:Y14)
A16: [1] | B16: [2] | C16: [3] | D16: [4] | E16: [5] | F16: [6] | G16: [7] | H16: [8] | I16: [9] | J16: [10] | K16: [11] | L16: [12] | M16: [13] | N16: [14] | O16: [15] | P16: [16] | Q16: [17] | R16: [18] | S16: [19] | T16: =IF(OR(LEN(F16)=11,LEN(F16)=15),"Đ","SAI") | U16: =ROUND(H16*I16%,0)-J16 | V16: =IF(Q16=$V$12,13313,13311)
A17: 1. Hàng hóa, dịch vụ dùng riêng cho SXKD chịu thuế GTGT đủ điều kiện được khấu trừ | T17: =IF(OR(LEN(F17)=11,LEN(F17)=15),"Đ","SAI") | U17: =ROUND(H17*I17%,0)-J17 | V17: =IF(Q17=$V$12,13313,13311)
A18: 1 | B18: 1K26TAA | C18: '1325 | D18: 46268 | E18: TỔNG CÔNG TY ĐIỆN LỰC THÀNH PHỐ HỒ CHÍ MINH | F18: '0300951119 | G18: Thuế GTGT VTĐĐ- hđơn 1325-03.09.26 | H18: 802200000 | I18: 8 | J18: 64176000 | K18: CK | L18: GL | M18: '2853 | N18: 46294 | O18: 46294 | P18: 866376000 | Q18: Không xác định | R18: THANH5DT.HCM.VTA | S18: Not Reversed | T18: =IF(OR(LEN(F18)=11,LEN(F18)=15),"Đ","SAI") | U18: =ROUND(H18*I18%,0)-J18 | V18: =IF(Q18=$V$12,13313,13311)
A19: 2 | B19: 1K26TAA | C19: '1329 | D19: 46269 | E19: TỔNG CÔNG TY ĐIỆN LỰC THÀNH PHỐ HỒ CHÍ MINH | F19: '0300951119 | G19: Thuế GTGT VTĐĐ- hđơn 1329-04.09.26 | H19: 175440000 | I19: 8 | J19: 14035200 | K19: CK | L19: GL | M19: '2853 | N19: 46294 | O19: 46294 | P19: 189475200 | Q19: Không xác định | R19: THANH5DT.HCM.VTA | S19: Not Reversed | T19: =IF(OR(LEN(F19)=11,LEN(F19)=15),"Đ","SAI") | U19: =ROUND(H19*I19%,0)-J19 | V19: =IF(Q19=$V$12,13313,13311)
A20: 3 | B20: 1K26TAA | C20: '1368 | D20: 46273 | E20: TỔNG CÔNG TY ĐIỆN LỰC THÀNH PHỐ HỒ CHÍ MINH | F20: '0300951119 | G20: Thuế GTGT VTĐĐ- hđơn 1368-08.09.26 | H20: 167700000 | I20: 8 | J20: 13416000 | K20: CK | L20: GL | M20: '2853 | N20: 46294 | O20: 46294 | P20: 181116000 | Q20: Không xác định | R20: THANH5DT.HCM.VTA | S20: Not Reversed | T20: =IF(OR(LEN(F20)=11,LEN(F20)=15),"Đ","SAI") | U20: =ROUND(H20*I20%,0)-J20 | V20: =IF(Q20=$V$12,13313,13311)
A21: 4 | B21: 1K26TAA | C21: '1415 | D21: 46281 | E21: TỔNG CÔNG TY ĐIỆN LỰC THÀNH PHỐ HỒ CHÍ MINH | F21: '0300951119 | G21: Thuế GTGT VTĐĐ- hđơn 1415-16.09.26 | H21: 147060000 | I21: 8 | J21: 11764800 | K21: CK | L21: GL | M21: '2853 | N21: 46294 | O21: 46294 | P21: 158824800 | Q21: Không xác định | R21: THANH5DT.HCM.VTA | S21: Not Reversed | T21: =IF(OR(LEN(F21)=11,LEN(F21)=15),"Đ","SAI") | U21: =ROUND(H21*I21%,0)-J21 | V21: =IF(Q21=$V$12,13313,13311)
A22: 5 | B22: 1K26TAA | C22: '1435 | D22: 46283 | E22: TỔNG CÔNG TY ĐIỆN LỰC THÀNH PHỐ HỒ CHÍ MINH | F22: '0300951119 | G22: Thuế GTGT VTĐĐ- hđơn 1435-18.09.26 | H22: 933600000 | I22: 8 | J22: 74688000 | K22: CK | L22: GL | M22: '2853 | N22: 46294 | O22: 46294 | P22: 1008288000 | Q22: Không xác định | R22: THANH5DT.HCM.VTA | S22: Not Reversed | T22: =IF(OR(LEN(F22)=11,LEN(F22)=15),"Đ","SAI") | U22: =ROUND(H22*I22%,0)-J22 | V22: =IF(Q22=$V$12,13313,13311)
A23: 6 | B23: 1K26TAA | C23: '1436 | D23: 46283 | E23: TỔNG CÔNG TY ĐIỆN LỰC THÀNH PHỐ HỒ CHÍ MINH | F23: '0300951119 | G23: Thuế GTGT VTĐĐ- hđơn 1436-18.09.26 | H23: 223400000 | I23: 8 | J23: 17872000 | K23: CK | L23: GL | M23: '2853 | N23: 46294 | O23: 46294 | P23: 241272000 | Q23: Không xác định | R23: THANH5DT.HCM.VTA | S23: Not Reversed | T23: =IF(OR(LEN(F23)=11,LEN(F23)=15),"Đ","SAI") | U23: =ROUND(H23*I23%,0)-J23 | V23: =IF(Q23=$V$12,13313,13311)
A24: 7 | B24: 1K26TAA | C24: '1531 | D24: 46295 | E24: TỔNG CÔNG TY ĐIỆN LỰC THÀNH PHỐ HỒ CHÍ MINH | F24: '0300951119 | G24: Thuế GTGT VTĐĐ- hđơn 1531-30.09.26 | H24: 675900000 | I24: 8 | J24: 54072000 | K24: CK | L24: GL | M24: '2853 | N24: 46294 | O24: 46294 | P24: 729972000 | Q24: Không xác định | R24: THANH5DT.HCM.VTA | S24: Not Reversed | T24: =IF(OR(LEN(F24)=11,LEN(F24)=15),"Đ","SAI") | U24: =ROUND(H24*I24%,0)-J24 | V24: =IF(Q24=$V$12,13313,13311)
A25: 8 | B25: 1K26TAA | C25: '00026746 | D25: 46279 | E25: Ngân hàng TMCP Đầu Tư Và Phát Triển - CN Bà Rịa Vũng Tàu | F25: '0100150619-006 | G25: Dịch vụ ngân hàng | H25: 50000 | I25: 10 | J25: 5000 | L25: GL | M25: '2855 | N25: 46295 | O25: 46295 | P25: 55000 | Q25: ĐẦU TƯ XÂY DỰNG | R25: LINH3NTT.HCM.VTA | S25: Not Reversed | T25: =IF(OR(LEN(F25)=11,LEN(F25)=15),"Đ","SAI") | U25: =ROUND(H25*I25%,0)-J25 | V25: =IF(Q25=$V$12,13313,13311)
A26: 9 | B26: 1K26TAA | C26: '00026849 | D26: 46280 | E26: Ngân hàng TMCP Đầu Tư Và Phát Triển - CN Bà Rịa Vũng Tàu | F26: '0100150619-006 | G26: Dịch vụ ngân hàng | H26: 20000 | I26: 10 | J26: 2000 | L26: GL | M26: '2855 | N26: 46295 | O26: 46295 | P26: 22000 | Q26: ĐẦU TƯ XÂY DỰNG | R26: LINH3NTT.HCM.VTA | S26: Not Reversed | T26: =IF(OR(LEN(F26)=11,LEN(F26)=15),"Đ","SAI") | U26: =ROUND(H26*I26%,0)-J26 | V26: =IF(Q26=$V$12,13313,13311) | X26: =H26*8%
A27: 10 | B27: 1K26TAA | C27: '00027125 | D27: 46286 | E27: Ngân hàng TMCP Đầu Tư Và Phát Triển - CN Bà Rịa Vũng Tàu | F27: '0100150619-006 | G27: Dịch vụ ngân hàng | H27: 838803 | I27: 10 | J27: 83880 | L27: GL | M27: '2855 | N27: 46295 | O27: 46295 | P27: 922683 | Q27: ĐẦU TƯ XÂY DỰNG | R27: LINH3NTT.HCM.VTA | S27: Not Reversed | T27: =IF(OR(LEN(F27)=11,LEN(F27)=15),"Đ","SAI") | U27: =ROUND(H27*I27%,0)-J27 | V27: =IF(Q27=$V$12,13313,13311)
A28: 11 | B28: 1K26TAA | C28: '00027710 | D28: 46294 | E28: Ngân hàng TMCP Đầu tư và Phát triển Việt Nam- CN Bà Rịa Vũng Tàu | F28: '0100150619-006 | G28: Dịch vụ ngân hàng | H28: 191476 | I28: 10 | J28: 19147 | L28: GL | M28: '2855 | N28: 46295 | O28: 46295 | P28: 210623 | Q28: ĐẦU TƯ XÂY DỰNG | R28: LINH3NTT.HCM.VTA | S28: Not Reversed | T28: =IF(OR(LEN(F28)=11,LEN(F28)=15),"Đ","SAI") | U28: =ROUND(H28*I28%,0)-J28 | V28: =IF(Q28=$V$12,13313,13311)
A29: 12 | B29: 1K26TDA | C29: '00000032 | D29: 46295 | E29: NGÂN HÀNG TMCP ĐẦU TƯ VÀ PHÁT TRIỂN VIỆT NAM | F29: '0100150619--006 | G29: PHÍ CHUYỂN TIỀN | H29: 5709746 | I29: 10 | J29: 570975 | K29: GL_0926Q10 | L29: GL | M29: '2903 | N29: 46295 | O29: 46295 | P29: 6280721 | Q29: Không xác định | R29: QUYENNN.HCM.VTA | S29: Not Reversed | T29: =IF(OR(LEN(F29)=11,LEN(F29)=15),"Đ","SAI") | U29: =ROUND(H29*I29%,0)-J29 | V29: =IF(Q29=$V$12,13313,13311)
A30: 13 | B30: 1K26TDA | C30: '00000033 | D30: 46295 | E30: NGÂN HÀNG TMCP ĐẦU TƯ VÀ PHÁT TRIỂN VIỆT NAM | F30: '0100150619-006 | G30: PHÍ CHUYỂN TIỀN | H30: 3300006 | I30: 10 | J30: 330001 | K30: GL_0926Q10 | L30: GL | M30: '2903 | N30: 46295 | O30: 46295 | P30: 3630007 | Q30: Không xác định | R30: QUYENNN.HCM.VTA | S30: Not Reversed | T30: =IF(OR(LEN(F30)=11,LEN(F30)=15),"Đ","SAI") | U30: =ROUND(H30*I30%,0)-J30 | V30: =IF(Q30=$V$12,13313,13311)
A31: 14 | B31: 1K26TDA | C31: '00000034 | D31: 46295 | E31: NGÂN HÀNG TMCP ĐẦU TƯ VÀ PHÁT TRIỂN VIỆT NAM | F31: '0100150619-006 | G31: PHÍ CHUYỂN TIỀN | H31: 5682448 | I31: 10 | J31: 568245 | K31: GL_0926Q10 | L31: GL | M31: '2903 | N31: 46295 | O31: 46295 | P31: 6250693 | Q31: Không xác định | R31: QUYENNN.HCM.VTA | S31: Not Reversed | T31: =IF(OR(LEN(F31)=11,LEN(F31)=15),"Đ","SAI") | U31: =ROUND(H31*I31%,0)-J31 | V31: =IF(Q31=$V$12,13313,13311)
A32: 15 | B32: 1K26TAA | C32: '1335 | D32: 46271 | E32: TONG CONG TY DIEN LUC THANH PHO HO CHI MINH TNHH | F32: '0300951119 | G32: ĐIỆN MUA NỘI BỘ THÁNG 8/2026 | H32: 1355819328509 | I32: 8 | J32: 100431061371 | L32: GL_REV | M32: '2905 | N32: 46295 | O32: 46295 | P32: 1456250389880 | Q32: Không xác định | R32: TUAN2HM.HCM.VTA | S32: Reversed | T32: =IF(OR(LEN(F32)=11,LEN(F32)=15),"Đ","SAI") | U32: =ROUND(H32*I32%,0)-J32 | V32: =IF(Q32=$V$12,13313,13311)
A33: 16 | B33: 1C26TVC | C33: '43 | D33: 46206 | E33: Công ty cổ phần tư vấn xây dựng IN.CI.VI | F33: '0400780851 | G33: Tư vấn thẩm tra BCNCKT | H33: 44444444 | I33: 8 | J33: 3555556 | L33: GL | M33: '3123 | N33: 46295 | O33: 46295 | P33: 48000000 | Q33: ĐẦU TƯ XÂY DỰNG | R33: HIENNTK.HCM.VTA | S33: Not Reversed | T33: =IF(OR(LEN(F33)=11,LEN(F33)=15),"Đ","SAI") | U33: =ROUND(H33*I33%,0)-J33 | V33: =IF(Q33=$V$12,13313,13311)
A34: 17 | B34: 1C26TVC | C34: '44 | D34: 46206 | E34: Công ty cổ phần tư vấn xây dựng IN.CI.VI | F34: '0400780851 | G34: Tư vấn thẩm tra BCNCKT | H34: 44444444 | I34: 8 | J34: 3555556 | L34: GL | M34: '3123 | N34: 46295 | O34: 46295 | P34: 48000000 | Q34: ĐẦU TƯ XÂY DỰNG | R34: HIENNTK.HCM.VTA | S34: Not Reversed | T34: =IF(OR(LEN(F34)=11,LEN(F34)=15),"Đ","SAI") | U34: =ROUND(H34*I34%,0)-J34 | V34: =IF(Q34=$V$12,13313,13311)
A35: 18 | B35: 1C26TVC | C35: '45 | D35: 46216 | E35: Công ty cổ phần tư vấn xây dựng IN.CI.VI | F35: '0400780851 | G35: Tư vấn thẩm tra BCNCKT | H35: 44444444 | I35: 8 | J35: 3555556 | L35: GL | M35: '3123 | N35: 46295 | O35: 46295 | P35: 48000000 | Q35: ĐẦU TƯ XÂY DỰNG | R35: HIENNTK.HCM.VTA | S35: Not Reversed | T35: =IF(OR(LEN(F35)=11,LEN(F35)=15),"Đ","SAI") | U35: =ROUND(H35*I35%,0)-J35 | V35: =IF(Q35=$V$12,13313,13311)
A36: 19 | B36: 1C26TVC | C36: '46 | D36: 46216 | E36: Công ty cổ phần tư vấn xây dựng IN.CI.VI | F36: '0400780851 | G36: Tư vấn thẩm tra BCNCKT | H36: 44444444 | I36: 8 | J36: 3555556 | L36: GL | M36: '3123 | N36: 46295 | O36: 46295 | P36: 48000000 | Q36: ĐẦU TƯ XÂY DỰNG | R36: HIENNTK.HCM.VTA | S36: Not Reversed | T36: =IF(OR(LEN(F36)=11,LEN(F36)=15),"Đ","SAI") | U36: =ROUND(H36*I36%,0)-J36 | V36: =IF(Q36=$V$12,13313,13311)
A37: 20 | B37: 1C26TPT | C37: '132 | D37: 46252 | E37: Công ty TNHH kiểm toán quốc tế PNT | F37: '0102133859 | G37: Tư vấn kiểm toán | H37: 67334259 | I37: 8 | J37: 5386741 | L37: GL | M37: '3123 | N37: 46295 | O37: 46295 | P37: 72721000 | Q37: ĐẦU TƯ XÂY DỰNG | R37: HIENNTK.HCM.VTA | S37: Not Reversed | T37: =IF(OR(LEN(F37)=11,LEN(F37)=15),"Đ","SAI") | U37: =ROUND(H37*I37%,0)-J37 | V37: =IF(Q37=$V$12,13313,13311)
A38: 21 | B38: 1C26TAX | C38: '263 | D38: 46198 | E38: Công ty TNHH kiểm toán và tư vấn thuế ATAX | F38: '0400544325 | G38: Tư vấn kiểm toán | H38: 102777778 | I38: 8 | J38: 8222222 | L38: GL | M38: '3123 | N38: 46295 | O38: 46295 | P38: 111000000 | Q38: ĐẦU TƯ XÂY DỰNG | R38: HIENNTK.HCM.VTA | S38: Not Reversed | T38: =IF(OR(LEN(F38)=11,LEN(F38)=15),"Đ","SAI") | U38: =ROUND(H38*I38%,0)-J38 | V38: =IF(Q38=$V$12,13313,13311)
A39: 22 | B39: 1K26TAA | C39: '1104 | D39: 46240 | E39: TỔNG CÔNG TY ĐIỆN LỰC THÀNH PHỐ HỒ CHÍ MINH TNHH | F39: '0300951119 | G39: Điện mua nội bộ Tháng 7/2026 | H39: -108846181798 | I39: 8 | J39: 0 | K39: CK | L39: GL | M39: '3124 | N39: 46295 | O39: 46295 | P39: -108846181798 | Q39: Không xác định | R39: TUAN2HM.HCM.VTA | S39: Not Reversed | T39: =IF(OR(LEN(F39)=11,LEN(F39)=15),"Đ","SAI") | U39: =ROUND(H39*I39%,0)-J39 | V39: =IF(Q39=$V$12,13313,13311)
A40: 23 | B40: 1K26TAA | C40: '1335 | D40: 46271 | E40: TONG CONG TY DIEN LUC THANH PHO HO CHI MINH TNHH | F40: '0300951119 | G40: ĐIỆN MUA NỘI BỘ THÁNG 8/2026 | H40: 1255388267138 | I40: 8 | J40: 100431061371 | L40: GL | M40: '3125 | N40: 46295 | O40: 46295 | P40: 1355819328509 | Q40: Không xác định | R40: TUAN2HM.HCM.VTA | S40: Not Reversed | T40: =IF(OR(LEN(F40)=11,LEN(F40)=15),"Đ","SAI") | U40: =ROUND(H40*I40%,0)-J40 | V40: =IF(Q40=$V$12,13313,13311)
A41: 24 | B41: 1K26TAA | C41: '1335 | D41: 46271 | E41: TONG CONG TY DIEN LUC THANH PHO HO CHI MINH TNHH | F41: '0300951119 | G41: ĐIỆN MUA NỘI BỘ THÁNG 8/2026 | H41: -1355819328509 | I41: 8 | J41: -100431061371 | L41: GL | M41: '3126 | N41: 46295 | O41: 46295 | P41: 1255388267138 | Q41: Không xác định | R41: TUAN2HM.HCM.VTA | S41: Reversed | T41: =IF(OR(LEN(F41)=11,LEN(F41)=15),"Đ","SAI") | U41: =ROUND(H41*I41%,0)-J41 | V41: =IF(Q41=$V$12,13313,13311)
A42: 25 | B42: 1C26TCA | C42: '2951 | D42: 46204 | E42: Công Ty CP Dây Cáp Điện Việt Nam | F42: '0300381564 | G42: Cáp Muller | H42: 717600000 | I42: 8 | J42: 57408000 | K42: AP0926-Y5 | L42: GL | M42: '3164 | N42: 46295 | O42: 46295 | P42: 775008000 | Q42: Không xác định | R42: HUENT.HCM.VTA | S42: Not Reversed | T42: =IF(OR(LEN(F42)=11,LEN(F42)=15),"Đ","SAI") | U42: =ROUND(H42*I42%,0)-J42 | V42: =IF(Q42=$V$12,13313,13311)
A43: 26 | B43: 1C26TTP | C43: '00000340 | D43: 46240 | E43: DNTN Thương Mại & Xây Dựng Diệu Hiền | F43: '3500701425 | G43: bột nở foam | H43: 8680000 | I43: 8 | J43: 694400 | K43: AP0926-Y5 | L43: GL | M43: '3164 | N43: 46295 | O43: 46295 | P43: 9374400 | Q43: Không xác định | R43: HUENT.HCM.VTA | S43: Not Reversed | T43: =IF(OR(LEN(F43)=11,LEN(F43)=15),"Đ","SAI") | U43: =ROUND(H43*I43%,0)-J43 | V43: =IF(Q43=$V$12,13313,13311)
A44: 27 | B44: 1C26TCH | C44: '00000131 | D44: 46272 | E44: Công Ty TNHH Thương Mại Kỹ Thuật Chấn Huỳnh | F44: '0315537849 | G44: Bình Ắc quy | H44: 118797200 | I44: 8 | J44: 9503776 | K44: AP0926_Y5 | L44: GL | M44: '3164 | N44: 46295 | O44: 46295 | P44: 128300976 | Q44: Không xác định | R44: HUENT.HCM.VTA | S44: Not Reversed | T44: =IF(OR(LEN(F44)=11,LEN(F44)=15),"Đ","SAI") | U44: =ROUND(H44*I44%,0)-J44 | V44: =IF(Q44=$V$12,13313,13311)
A45: 28 | B45: 1C26TTP | C45: '00000385 | D45: 46273 | E45: DNTN Thương Mại & Xây Dựng Diệu Hiền | F45: '3500701425 | G45: VTTB điện | H45: 17396000 | I45: 8 | J45: 1391680 | K45: AP0926-Y5 | L45: GL | M45: '3164 | N45: 46295 | O45: 46295 | P45: 18787680 | Q45: Không xác định | R45: HUENT.HCM.VTA | S45: Not Reversed | T45: =IF(OR(LEN(F45)=11,LEN(F45)=15),"Đ","SAI") | U45: =ROUND(H45*I45%,0)-J45 | V45: =IF(Q45=$V$12,13313,13311)
A46: 29 | B46: 1C26TTP | C46: '00000385 | D46: 46273 | E46: DNTN Thương Mại & Xây Dựng Diệu Hiền | F46: '3500701425 | G46: VTTB điện | H46: 16900000 | I46: 10 | J46: 1690000 | K46: AP0926-Y5 | L46: GL | M46: '3164 | N46: 46295 | O46: 46295 | P46: 18590000 | Q46: Không xác định | R46: HUENT.HCM.VTA | S46: Not Reversed | T46: =IF(OR(LEN(F46)=11,LEN(F46)=15),"Đ","SAI") | U46: =ROUND(H46*I46%,0)-J46 | V46: =IF(Q46=$V$12,13313,13311)
A47: 30 | B47: 1K26TAS | C47: '108 | D47: 46246 | E47: CN TCT Điện Lực TPHCM TNHH - Công Ty Điện Lực Đất Đỏ | F47: '0300951119-020 | G47: VTTB điều động (cáp Muller lõi đồng) | H47: 31080000 | I47: 8 | J47: 2486400 | K47: AP0926-Y5 | L47: GL | M47: '3164 | N47: 46295 | O47: 46295 | P47: 33566400 | Q47: Không xác định | R47: HUENT.HCM.VTA | S47: Not Reversed | T47: =IF(OR(LEN(F47)=11,LEN(F47)=15),"Đ","SAI") | U47: =ROUND(H47*I47%,0)-J47 | V47: =IF(Q47=$V$12,13313,13311)
A48: 31 | B48: 1K26TVT | C48: '435 | D48: 46246 | E48: CN TCT Điện Lực TPHCM TNHH - Công Ty Dịch Vụ Điện Lực TPHCM | F48: '0300951119-017 | G48: VTTB điện | H48: 54268256 | I48: 8 | J48: 4341460 | K48: AP0926-Y5 | L48: GL | M48: '3164 | N48: 46295 | O48: 46295 | P48: 58609716 | Q48: Không xác định | R48: HUENT.HCM.VTA | S48: Not Reversed | T48: =IF(OR(LEN(F48)=11,LEN(F48)=15),"Đ","SAI") | U48: =ROUND(H48*I48%,0)-J48 | V48: =IF(Q48=$V$12,13313,13311)
A49: 32 | B49: 1K26TVT | C49: '436 | D49: 46246 | E49: CN TCT ĐiệnLực TPHCM TNHH - Công Ty Dịch Vụ Điện Lực TPHCM | F49: '0300951119-017 | G49: VTTB điện | H49: 40641079 | I49: 10 | J49: 4064108 | K49: AP0926-Y5 | L49: GL | M49: '3164 | N49: 46295 | O49: 46295 | P49: 44705187 | Q49: Không xác định | R49: HUENT.HCM.VTA | S49: Not Reversed | T49: =IF(OR(LEN(F49)=11,LEN(F49)=15),"Đ","SAI") | U49: =ROUND(H49*I49%,0)-J49 | V49: =IF(Q49=$V$12,13313,13311)
A50: 33 | B50: 1K26TAS | C50: '122 | D50: 46279 | E50: CN TCT Điện Lực TPHCM TNHH - Công Ty Điện Lực Đất Đỏ | F50: '0300951119-020 | G50: VTTB điều động (VTTB điện) | H50: 1948000 | I50: 8 | J50: 155840 | K50: AP0926-Y5 | L50: GL | M50: '3164 | N50: 46295 | O50: 46295 | P50: 2103840 | Q50: Không xác định | R50: HUENT.HCM.VTA | S50: Not Reversed | T50: =IF(OR(LEN(F50)=11,LEN(F50)=15),"Đ","SAI") | U50: =ROUND(H50*I50%,0)-J50 | V50: =IF(Q50=$V$12,13313,13311)
A51: 34 | B51: 1K26TAS | C51: '125 | D51: 46280 | E51: CN TCT Điện Lực TPHCM TNHH - Công Ty Điện Lực Đất Đỏ | F51: '0300951119-020 | G51: VTTB điều động (VTTB điện) | H51: 36489300 | I51: 8 | J51: 2919144 | K51: AP0926-Y5 | L51: GL | M51: '3164 | N51: 46295 | O51: 46295 | P51: 39408444 | Q51: Không xác định | R51: HUENT.HCM.VTA | S51: Not Reversed | T51: =IF(OR(LEN(F51)=11,LEN(F51)=15),"Đ","SAI") | U51: =ROUND(H51*I51%,0)-J51 | V51: =IF(Q51=$V$12,13313,13311) | W51: x
A52: 35 | B52: 1K26TAD | C52: '343 | D52: 46282 | E52: CN TCT Điện Lực TPHCM TNHH - Công Ty Điện Lực Bến Cát | F52: '0300951119-007 | G52: VTTB điều động (nối IPC) | H52: 24073147 | I52: 8 | J52: 1925852 | K52: AP0926-Y5 | L52: GL | M52: '3164 | N52: 46295 | O52: 46295 | P52: 25998999 | Q52: Không xác định | R52: HUENT.HCM.VTA | S52: Not Reversed | T52: =IF(OR(LEN(F52)=11,LEN(F52)=15),"Đ","SAI") | U52: =ROUND(H52*I52%,0)-J52 | V52: =IF(Q52=$V$12,13313,13311)
A53: 36 | B53: 1C26TYY | C53: '00000043 | D53: 46224 | E53: Công Ty TNHH Thương Mại Dịch Vụ Viễn Thông Hai Kết Nối | F53: '0303575871 | G53: Máy tính để bàn | H53: 21180000 | I53: 8 | J53: 1694400 | K53: AP0926-Y5 | L53: GL | M53: '3164 | N53: 46295 | O53: 46295 | P53: 22874400 | Q53: Không xác định | R53: HUENT.HCM.VTA | S53: Not Reversed | T53: =IF(OR(LEN(F53)=11,LEN(F53)=15),"Đ","SAI") | U53: =ROUND(H53*I53%,0)-J53 | V53: =IF(Q53=$V$12,13313,13311)
A54: 37 | B54: 1C26MVT | C54: '53886 | D54: 46225 | E54: Chi Nhánh Công Ty TNHH Cao Phong Tại Vũng Tàu - Siêu Thị Điện Máy Nội Thất Chợ Lớn | F54: '0302309845-048 | G54: Tủ lạnh | H54: 5083333 | I54: 8 | J54: 406667 | K54: AP0926-Y5 | L54: GL | M54: '3164 | N54: 46295 | O54: 46295 | P54: 5490000 | Q54: Không xác định | R54: HUENT.HCM.VTA | S54: Not Reversed | T54: =IF(OR(LEN(F54)=11,LEN(F54)=15),"Đ","SAI") | U54: =ROUND(H54*I54%,0)-J54 | V54: =IF(Q54=$V$12,13313,13311)
A55: 38 | B55: 1K26TAE | C55: '1725 | D55: 46288 | E55: CN TCT Điện Lực TPHCM TNHH - Công Ty Điện Lực Bình Phú | F55: '0300951119-006 | G55: Máy biến dòng | H55: 1094640 | I55: 8 | J55: 87571 | K55: AP0926-Y5 | L55: GL | M55: '3164 | N55: 46295 | O55: 46295 | P55: 1182211 | Q55: Không xác định | R55: HUENT.HCM.VTA | S55: Not Reversed | T55: =IF(OR(LEN(F55)=11,LEN(F55)=15),"Đ","SAI") | U55: =ROUND(H55*I55%,0)-J55 | V55: =IF(Q55=$V$12,13313,13311)
A56: 39 | B56: 1C26TDL | C56: '1 | D56: 46258 | E56: Công Ty TNHH Duy Lộc | F56: '3501598474 | G56: ĐTDĐ | H56: 6296296 | I56: 8 | J56: 503704 | K56: AP0926-Y5 | L56: GL | M56: '3164 | N56: 46295 | O56: 46295 | P56: 6800000 | Q56: Không xác định | R56: HUENT.HCM.VTA | S56: Not Reversed | T56: =IF(OR(LEN(F56)=11,LEN(F56)=15),"Đ","SAI") | U56: =ROUND(H56*I56%,0)-J56 | V56: =IF(Q56=$V$12,13313,13311)
A57: 40 | B57: 1K26TAS | C57: '110 | D57: 46258 | E57: CN TCT Điện Lực TPHCM TNHH - Công Ty Điện Lực Đất Đỏ | F57: '0300951119-020 | G57: VTTB điều động (cáp Muller lõi đồng) | H57: 6925924 | I57: 8 | J57: 554074 | K57: AP0926-Y5 | L57: GL | M57: '3164 | N57: 46295 | O57: 46295 | P57: 7479998 | Q57: Không xác định | R57: HUENT.HCM.VTA | S57: Not Reversed | T57: =IF(OR(LEN(F57)=11,LEN(F57)=15),"Đ","SAI") | U57: =ROUND(H57*I57%,0)-J57 | V57: =IF(Q57=$V$12,13313,13311)
A58: 41 | B58: 1K26TAS | C58: '111 | D58: 46258 | E58: CN TCT Điện Lực TPHCM TNHH - Công Ty Điện Lực Đất Đỏ | F58: '0300951119-020 | G58: VTTB điều động (cáp Muller lõi đồng) | H58: 53052000 | I58: 8 | J58: 4244160 | K58: AP0926-Y5 | L58: GL | M58: '3164 | N58: 46295 | O58: 46295 | P58: 57296160 | Q58: Không xác định | R58: HUENT.HCM.VTA | S58: Not Reversed | T58: =IF(OR(LEN(F58)=11,LEN(F58)=15),"Đ","SAI") | U58: =ROUND(H58*I58%,0)-J58 | V58: =IF(Q58=$V$12,13313,13311)
A59: 42 | B59: 1K26TAS | C59: '223 | D59: 46258 | E59: CN TCT Điện Lực TPHCM TNHH - Công Ty Điện Lực Đất Đỏ | F59: '0300951119-020 | G59: VTTB điều động (cáp Muller lõi đồng) | H59: 36740133 | I59: 8 | J59: 2939211 | K59: AP0926-Y5 | L59: GL | M59: '3164 | N59: 46295 | O59: 46295 | P59: 39679344 | Q59: Không xác định | R59: HUENT.HCM.VTA | S59: Not Reversed | T59: =IF(OR(LEN(F59)=11,LEN(F59)=15),"Đ","SAI") | U59: =ROUND(H59*I59%,0)-J59 | V59: =IF(Q59=$V$12,13313,13311)
A60: 43 | B60: 1K26TAV | C60: '720 | D60: 46259 | E60: CN TCT Điện Lực TPHCM TNHH - Công Ty Thí Nghiệm Điện Lực TPHCM | F60: '0300951119-018 | G60: Thùng carton | H60: 1653250 | I60: 8 | J60: 132260 | K60: AP0926-Y5 | L60: GL | M60: '3164 | N60: 46295 | O60: 46295 | P60: 1785510 | Q60: Không xác định | R60: HUENT.HCM.VTA | S60: Not Reversed | T60: =IF(OR(LEN(F60)=11,LEN(F60)=15),"Đ","SAI") | U60: =ROUND(H60*I60%,0)-J60 | V60: =IF(Q60=$V$12,13313,13311)
A61: 44 | B61: 1K26TAV | C61: '849 | D61: 46290 | E61: CN TCT Điện Lực TPHCM TNHH - Công Ty Thí Nghiệm Điện Lực TPHCM | F61: '0300951119-018 | G61: VTTB điều động(Thùng giấy carton) | H61: 2842600 | I61: 8 | J61: 227408 | K61: AP0926-Y5 | L61: GL | M61: '3164 | N61: 46295 | O61: 46295 | P61: 3070008 | Q61: Không xác định | R61: HUENT.HCM.VTA | S61: Not Reversed | T61: =IF(OR(LEN(F61)=11,LEN(F61)=15),"Đ","SAI") | U61: =ROUND(H61*I61%,0)-J61 | V61: =IF(Q61=$V$12,13313,13311)
A62: 45 | B62: 126TBB | C62: '124 | D62: 46260 | E62: CN TCT Điện Lực TPHCM TNHH - Công Ty Công NGhệ Thông Tin Điện Lực TPHCM | F62: '0300951119-023 | G62: Modem | H62: 136137117 | I62: 8 | J62: 10890969 | K62: AP0926-Y5 | L62: GL | M62: '3164 | N62: 46295 | O62: 46295 | P62: 147028086 | Q62: Không xác định | R62: HUENT.HCM.VTA | S62: Not Reversed | T62: =IF(OR(LEN(F62)=11,LEN(F62)=15),"Đ","SAI") | U62: =ROUND(H62*I62%,0)-J62 | V62: =IF(Q62=$V$12,13313,13311)
A63: 46 | B63: 1C26TBD | C63: '00035902 | D63: 46262 | E63: Công Ty Cổ phần Ứng Dụng Bản Đồ Việt | F63: '0304729926 | G63: Thiết bị giám sát hành trình | H63: 31000000 | I63: 10 | J63: 3100000 | K63: AP0926-Y5 | L63: GL | M63: '3164 | N63: 46295 | O63: 46295 | P63: 34100000 | Q63: Không xác định | R63: HUENT.HCM.VTA | S63: Not Reversed | T63: =IF(OR(LEN(F63)=11,LEN(F63)=15),"Đ","SAI") | U63: =ROUND(H63*I63%,0)-J63 | V63: =IF(Q63=$V$12,13313,13311)
... A496: 479 | B496: 1K26TAA | C496: '00027547 | D496: 46290 | E496: NGÂN HÀNG TMCP ĐẦU TƯ VÀ PHÁT TRIỂN VIỆT NAM | F496: '0100150619-006 | G496: PHÍ CHUYỂN TIỀN | H496: 400000 | I496: 10 | J496: 40000 | K496: CK | L496: AR_REC | M496: 'R0926ĐTT0629 | N496: 46290 | O496: 46290 | P496: 440000 | Q496: Không xác định | R496: QUYENNN.HCM.VTA | S496: Cleared | T496: =IF(OR(LEN(F496)=11,LEN(F496)=15),"Đ","SAI") | U496: =ROUND(H496*I496%,0)-J496 | V496: =IF(Q496=$V$12,13313,13311)
A497: Tổng cộng | H497: 1173244749309 | J497: 102568918647 | P497: 3987452324974 | T497: =IF(OR(LEN(F497)=11,LEN(F497)=15),"Đ","SAI") | U497: =ROUND(H497*I497%,0)-J497 | V497: =IF(Q497=$V$12,13313,13311)
A498: 2. Hàng hóa, dịch vụ không đủ điều kiện khấu trừ | T498: =IF(OR(LEN(F498)=11,LEN(F498)=15),"Đ","SAI") | U498: =ROUND(H498*I498%,0)-J498 | V498: =IF(Q498=$V$12,13313,13311)
A499: 1 | C499: ' | F499: ' | H499: 0 | M499: ' | T499: =IF(OR(LEN(F499)=11,LEN(F499)=15),"Đ","SAI") | U499: =ROUND(H499*I499%,0)-J499 | V499: =IF(Q499=$V$12,13313,13311)
A500: Tổng cộng | H500: 0 | T500: =IF(OR(LEN(F500)=11,LEN(F500)=15),"Đ","SAI") | U500: =ROUND(H500*I500%,0)-J500 | V500: =IF(Q500=$V$12,13313,13311)
A501: 3. Hàng hóa, dịch vụ dùng chung cho SXKD chịu thuế và không chịu thuế đủ điều kiện được khấu trừ | T501: =IF(OR(LEN(F501)=11,LEN(F501)=15),"Đ","SAI") | U501: =ROUND(H501*I501%,0)-J501 | V501: =IF(Q501=$V$12,13313,13311)
A502: 1 | C502: ' | F502: ' | H502: 0 | M502: ' | T502: =IF(OR(LEN(F502)=11,LEN(F502)=15),"Đ","SAI") | U502: =ROUND(H502*I502%,0)-J502 | V502: =IF(Q502=$V$12,13313,13311)
A503: Tổng cộng | H503: 0 | T503: =IF(OR(LEN(F503)=11,LEN(F503)=15),"Đ","SAI") | U503: =ROUND(H503*I503%,0)-J503 | V503: =IF(Q503=$V$12,13313,13311)
A504: 4. Hàng hóa, dịch vụ dùng cho dự án đầu tư đủ điều kiện được khấu trừ | T504: =IF(OR(LEN(F504)=11,LEN(F504)=15),"Đ","SAI") | U504: =ROUND(H504*I504%,0)-J504 | V504: =IF(Q504=$V$12,13313,13311)
A505: 1 | C505: ' | F505: ' | H505: 0 | M505: ' | T505: =IF(OR(LEN(F505)=11,LEN(F505)=15),"Đ","SAI") | U505: =ROUND(H505*I505%,0)-J505 | V505: =IF(Q505=$V$12,13313,13311)
A506: Tổng cộng | H506: 0 | T506: =IF(OR(LEN(F506)=11,LEN(F506)=15),"Đ","SAI") | U506: =ROUND(H506*I506%,0)-J506 | V506: =IF(Q506=$V$12,13313,13311)
A507: 5. Hàng hóa, dịch vụ không phải tổng hợp trên tờ khai 01/GTGT | T507: =IF(OR(LEN(F507)=11,LEN(F507)=15),"Đ","SAI") | U507: =ROUND(H507*I507%,0)-J507 | V507: =IF(Q507=$V$12,13313,13311)
A508: 1 | C508: ' | F508: ' | H508: 0 | M508: ' | T508: =IF(OR(LEN(F508)=11,LEN(F508)=15),"Đ","SAI") | U508: =ROUND(H508*I508%,0)-J508 | V508: =IF(Q508=$V$12,13313,13311)
A509: Tổng cộng | H509: 0 | T509: =IF(OR(LEN(F509)=11,LEN(F509)=15),"Đ","SAI") | U509: =ROUND(H509*I509%,0)-J509 | V509: =IF(Q509=$V$12,13313,13311)
A510: 6. Có số liệu hóa đơn nhưng không lên bảng kê | T510: =IF(OR(LEN(F510)=11,LEN(F510)=15),"Đ","SAI") | U510: =ROUND(H510*I510%,0)-J510 | V510: =IF(Q510=$V$12,13313,13311)
A511: 1 | C511: ' | F511: ' | H511: 0 | M511: ' | T511: =IF(OR(LEN(F511)=11,LEN(F511)=15),"Đ","SAI") | U511: =ROUND(H511*I511%,0)-J511 | V511: =IF(Q511=$V$12,13313,13311)
A512: Tổng cộng | H512: 0 | T512: =IF(OR(LEN(F512)=11,LEN(F512)=15),"Đ","SAI") | U512: =ROUND(H512*I512%,0)-J512 | V512: =IF(Q512=$V$12,13313,13311)
A513: Tổng cộng | H513: 1173244749309 | J513: 102568918647 | T513: =IF(OR(LEN(F513)=11,LEN(F513)=15),"Đ","SAI") | U513: =ROUND(H513*I513%,0)-J513 | V513: =IF(Q513=$V$12,13313,13311)
T514: =IF(OR(LEN(F514)=11,LEN(F514)=15),"Đ","SAI") | U514: =ROUND(H514*I514%,0)-J514 | V514: =IF(Q514=$V$12,13313,13311)
T515: =IF(OR(LEN(F515)=11,LEN(F515)=15),"Đ","SAI") | U515: =ROUND(H515*I515%,0)-J515 | V515: =IF(Q515=$V$12,13313,13311)
T516: =IF(OR(LEN(F516)=11,LEN(F516)=15),"Đ","SAI") | U516: =ROUND(H516*I516%,0)-J516 | V516: =IF(Q516=$V$12,13313,13311)
T517: =IF(OR(LEN(F517)=11,LEN(F517)=15),"Đ","SAI") | U517: =ROUND(H517*I517%,0)-J517 | V517: =IF(Q517=$V$12,13313,13311)
A518: Tổng doanh thu dịch vụ hàng hóa mua vào : 1173244749309 | K518: ….., ngày ….., tháng ….., năm …... | T518: =IF(OR(LEN(F518)=11,LEN(F518)=15),"Đ","SAI") | U518: =ROUND(H518*I518%,0)-J518 | V518: =IF(Q518=$V$12,13313,13311)
A519: Tổng thuế GTGT của dịch vụ hàng hóa mua vào : 102568918647 | K519: NGƯỜI NỘP THUẾ hoặc | T519: =IF(OR(LEN(F519)=11,LEN(F519)=15),"Đ","SAI") | U519: =ROUND(H519*I519%,0)-J519 | V519: =IF(Q519=$V$12,13313,13311)
K520: ĐẠI DIỆN HỢP PHÁP CỦA NGƯỜI NỘP THUẾ | T520: =IF(OR(LEN(F520)=11,LEN(F520)=15),"Đ","SAI") | U520: =ROUND(H520*I520%,0)-J520 | V520: =IF(Q520=$V$12,13313,13311)
K521: Ký tên, đóng dấu (Ghi rõ họ tên và chức vụ) | T521: =IF(OR(LEN(F521)=11,LEN(F521)=15),"Đ","SAI") | U521: =ROUND(H521*I521%,0)-J521 | V521: =IF(Q521=$V$12,13313,13311)
T522: =IF(OR(LEN(F522)=11,LEN(F522)=15),"Đ","SAI") | U522: =ROUND(H522*I522%,0)-J522 | V522: =IF(Q522=$V$12,13313,13311)

Sheet 13311
A1: TỔNG CÔNG TY ĐIỆN LỰC THÀNH PHỐ HỒ CHÍ MINH TNHH | K1: Tài khoản:
A2: CHI NHÁNH TỔNG CÔNG TY ĐIỆN LỰC THÀNH PHỐ HỒ CHÍ MINH TNHH - CÔNG TY ĐIỆN LỰC VŨNG TÀU | K2: 13311 | L2: =SUMIF($J:$J,$K2,$I:$I)
A3: SỔ CHI TIẾT THEO TÀI KHOẢN THUẾ | K3: 13313 | L3: =SUMIF($J:$J,$K3,$I:$I)
A4: Tài khoản: 1331 - Thuế GTGT được khấu trừ – Thuế GTGT được khấu trừ của hàng hoá, dịch vụ | K4: cuối kỳ 1331 | L4: =SUM(L2:L3)
A5: Loại hình: -
A6: Từ ngày: 01/09/2026 đến ngày: 30/09/2026
A9: CHỨNG TỪ | D9: DIỄN GIẢI | E9: PHÁT SINH NỢ | F9: PHÁT SINH CÓ | G9: Người hạch toán | H9: Trạng thái
A10: Ngày chứng từ | B10: Số chứng từ | C10: Nguồn chứng từ
A11: Tài khoản: 13311000000 | D11: Dư đầu kỳ | E11: 60549888887 | I11: =IF(LEN(A11)=5,E11,0) | J11: =IF(LEFT(A11,11)="Tài khoản: ",MID(A11,12,5),J10)
A12: 46272 | B12: 'R0926ĐTT0584 | C12: AR_REC | D12: Chuyển trả phí chuyển tiền T09/2026 BIDV HĐS 00025893-07/09/2026 | E12: 70000 | G12: QUYENNN.HCM.VTA | H12: Final to Post | I12: =IF(LEN(A12)=5,E12,0) | J12: =IF(LEFT(A12,11)="Tài khoản: ",MID(A12,12,5),J11)
A13: 46273 | B13: 'R0926ĐTT0588 | C13: AR_REC | D13: Chuyển trả phí chuyển tiền T09/2026+duy trì dịch vụ T08/2026 BIDV HĐS 00026077-08/09/2026 | E13: 75000 | G13: QUYENNN.HCM.VTA | H13: Final to Post | I13: =IF(LEN(A13)=5,E13,0) | J13: =IF(LEFT(A13,11)="Tài khoản: ",MID(A13,12,5),J12)
A14: 46279 | B14: 'R0926SC1051 | C14: AR_REC | D14: Chuyển TT tiền bảo vệ T8/26 cho CTy Chính Tín Nghĩa theo HĐơn 92-31/08/26 | E14: 10240000 | G14: HUENT.HCM.VTA | H14: Final to Post | I14: =IF(LEN(A14)=5,E14,0) | J14: =IF(LEFT(A14,11)="Tài khoản: ",MID(A14,12,5),J13)
A15: 46279 | B15: 'R0926ĐTT0602 | C15: AR_REC | D15: Chuyển trả phí quản lý tài khoản T09/2026 TK 7600265128 BIDV HĐS 00026747-14/09/2026 | E15: 5000 | G15: QUYENNN.HCM.VTA | H15: Final to Post | I15: =IF(LEN(A15)=5,E15,0) | J15: =IF(LEFT(A15,11)="Tài khoản: ",MID(A15,12,5),J14)
A16: 46280 | B16: 'C0926C265 | C16: AR_REC | D16: Thanh toán tiền rửa xe ôtô T08-2026 - Hóa đơn 786/28.08.26 | E16: 249600 | G16: THAOPTT.HCM.VTA | H16: Final to Post | I16: =IF(LEN(A16)=5,E16,0) | J16: =IF(LEFT(A16,11)="Tài khoản: ",MID(A16,12,5),J15)
A17: 46280 | B17: 'C0926C268 | C17: AR_REC | D17: Thanh toán tiền đặt ăn SXKD - Hóa đơn 64582/31.08.26 | E17: 285028 | G17: THAOPTT.HCM.VTA | H17: Final to Post | I17: =IF(LEN(A17)=5,E17,0) | J17: =IF(LEFT(A17,11)="Tài khoản: ",MID(A17,12,5),J16)
A18: 46280 | B18: 'C0926C269 | C18: AR_REC | D18: Thanh toán tiền thuê máy cuốc xử lý cáp ngầm hẻm 563 Ng An Ninh, P.Tam Thắng - Hóa đơn 24/26.08.26 | E18: 222222 | G18: THAOPTT.HCM.VTA | H18: Final to Post | I18: =IF(LEN(A18)=5,E18,0) | J18: =IF(LEFT(A18,11)="Tài khoản: ",MID(A18,12,5),J17)
A19: 46280 | B19: 'C0926C271 | C19: AR_REC | D19: Thanh toán tiền thuê máy cuốc xử lý cáp ngầm cổng CC Gateway; P.Tam Thắng - Hóa đơn 25/27.0.26 | E19: 222222 | G19: THAOPTT.HCM.VTA | H19: Final to Post | I19: =IF(LEN(A19)=5,E19,0) | J19: =IF(LEFT(A19,11)="Tài khoản: ",MID(A19,12,5),J18)
A20: 46281 | B20: 'R0926ĐTT0607 | C20: AR_REC | D20: Chuyển trả phí chuyển tiền T09/2026 BIDV HĐS 00026905-16/09/2026 | E20: 10000 | G20: QUYENNN.HCM.VTA | H20: Final to Post | I20: =IF(LEN(A20)=5,E20,0) | J20: =IF(LEFT(A20,11)="Tài khoản: ",MID(A20,12,5),J19)
A21: 46288 | B21: 'R0926AG056 | C21: AR_REC | D21: Thanh toán phí QLTK AGR T09-2026 | E21: 1500 | G21: THAOPTT.HCM.VTA | H21: Final to Post | I21: =IF(LEN(A21)=5,E21,0) | J21: =IF(LEFT(A21,11)="Tài khoản: ",MID(A21,12,5),J20)
A22: 46288 | B22: 'R0926NNT0623 | C22: AR_REC | D22: Chuyển trả phí quản lý tài khoản T09/2026 NH Nông Nghiệp HĐS 00447438-23/09/2026 | E22: 1500 | G22: QUYENNN.HCM.VTA | H22: Final to Post | I22: =IF(LEN(A22)=5,E22,0) | J22: =IF(LEFT(A22,11)="Tài khoản: ",MID(A22,12,5),J21)
A23: 46290 | B23: 'R0926ĐTT0629 | C23: AR_REC | D23: Chuyển trả phí chuyển tiền T09/2026 BIDV HĐS 00027547-25/09/2026 | E23: 40000 | G23: QUYENNN.HCM.VTA | H23: Final to Post | I23: =IF(LEN(A23)=5,E23,0) | J23: =IF(LEFT(A23,11)="Tài khoản: ",MID(A23,12,5),J22)
... A479: 46295 | B479: '3175 | C479: GL | D479: THUẾ GTGT ĐIỆN MTMN T02-2026 | E479: 45973 | G479: THAOPTT.HCM.VTA | H479: Post | I479: =IF(LEN(A479)=5,E479,0) | J479: =IF(LEFT(A479,11)="Tài khoản: ",MID(A479,12,5),J478)
A480: 46295 | B480: '3193 | C480: GL | D480: K/c thuế GTGT từ 1331 về 3331 tháng 9/2026 | F480: 102486905433 | G480: TUAN2HM.HCM.VTA | H480: Unpost | I480: =IF(LEN(A480)=5,E480,0) | J480: =IF(LEFT(A480,11)="Tài khoản: ",MID(A480,12,5),J479)
A481: 46295 | B481: 'R0926SC1160 | C481: AR_REC | D481: KHVT_Thanh toán tiền cước vận chuyển VTTB ra Côn Đảo - Hóa đơn 9140/18.09.26 | E481: 1684000 | G481: THAOPTT.HCM.VTA | H481: Final to Post | I481: =IF(LEN(A481)=5,E481,0) | J481: =IF(LEFT(A481,11)="Tài khoản: ",MID(A481,12,5),J480)
A482: 46295 | B482: 'R0926SC1165 | C482: AR_REC | D482: VPCT_PC Vũng Tàu chuyển tiền sửa chữa Phòng xét thầu - Hóa đơn 459/23.09.26 | E482: 2910800 | G482: THAOPTT.HCM.VTA | H482: Final to Post | I482: =IF(LEN(A482)=5,E482,0) | J482: =IF(LEFT(A482,11)="Tài khoản: ",MID(A482,12,5),J481)
D483: Cộng phát sinh | E483: 102486905433 | F483: 102486905433 | I483: =IF(LEN(A483)=5,E483,0) | J483: =IF(LEFT(A483,11)="Tài khoản: ",MID(A483,12,5),J482)
D484: Dư cuối kỳ | E484: 60549888887 | I484: =IF(LEN(A484)=5,E484,0) | J484: =IF(LEFT(A484,11)="Tài khoản: ",MID(A484,12,5),J483)
A485: Tài khoản: 13313000000 | D485: Dư đầu kỳ | I485: =IF(LEN(A485)=5,E485,0) | J485: =IF(LEFT(A485,11)="Tài khoản: ",MID(A485,12,5),J484)
A486: 46289 | B486: '2850 | C486: GL | D486: Điều chỉnh 10 phân đoạn | F486: 1417502240 | G486: DUNGLTP.HCM.VTA | H486: Post | I486: =IF(LEN(A486)=5,E486,0) | J486: =IF(LEFT(A486,11)="Tài khoản: ",MID(A486,12,5),J485)
A487: 46289 | B487: '2850 | C487: GL | D487: Điều chỉnh 10 phân đoạn | F487: -1417502240 | G487: DUNGLTP.HCM.VTA | H487: Post | I487: =IF(LEN(A487)=5,E487,0) | J487: =IF(LEFT(A487,11)="Tài khoản: ",MID(A487,12,5),J486)
A488: 46294 | B488: '2853 | C488: GL | D488: Thuế GTGT VTĐĐ- hđơn 1531-30.09.26-TỔNG CÔNG TY ĐIỆN LỰC THÀNH PHỐ HỒ CHÍ MINH | E488: 54072000 | G488: THANH5DT.HCM.VTA | H488: Post | I488: =IF(LEN(A488)=5,E488,0) | J488: =IF(LEFT(A488,11)="Tài khoản: ",MID(A488,12,5),J487)
A489: 46295 | B489: '2855 | C489: GL | D489: Kê khai VAT đầu vào (XDCB) tháng 9.2026 hóa đơn BIDV số 27710/29.09.26 | E489: 19147 | G489: LINH3NTT.HCM.VTA | H489: Post | I489: =IF(LEN(A489)=5,E489,0) | J489: =IF(LEFT(A489,11)="Tài khoản: ",MID(A489,12,5),J488)
A490: 46295 | B490: '2855 | C490: GL | D490: Kết chuyển TK 13313_9000 qua TK 333111 | F490: 110027 | G490: LINH3NTT.HCM.VTA | H490: Post | I490: =IF(LEN(A490)=5,E490,0) | J490: =IF(LEFT(A490,11)="Tài khoản: ",MID(A490,12,5),J489)
A491: 46295 | B491: '2855 | C491: GL | D491: Kê khai VAT đầu vào (XDCB) tháng 9.2026 hóa đơn BIDV số 27125/21.09.26 | E491: 83880 | G491: LINH3NTT.HCM.VTA | H491: Post | I491: =IF(LEN(A491)=5,E491,0) | J491: =IF(LEFT(A491,11)="Tài khoản: ",MID(A491,12,5),J490)
A492: 46295 | B492: '2855 | C492: GL | D492: Kê khai VAT đầu vào (XDCB) tháng 9.2026 hóa đơn BIDV số 26849/15.09.26 | E492: 2000 | G492: LINH3NTT.HCM.VTA | H492: Post | I492: =IF(LEN(A492)=5,E492,0) | J492: =IF(LEFT(A492,11)="Tài khoản: ",MID(A492,12,5),J491)
A493: 46295 | B493: '2855 | C493: GL | D493: Kê khai VAT đầu vào (XDCB) tháng 9.2026 hóa đơn BIDV số 26746/14.09.26 | E493: 5000 | G493: LINH3NTT.HCM.VTA | H493: Post | I493: =IF(LEN(A493)=5,E493,0) | J493: =IF(LEFT(A493,11)="Tài khoản: ",MID(A493,12,5),J492)
A494: 46295 | B494: '3123 | C494: GL | D494: Kê khai thuế GTGT hóa đơn 45/13.07.25- cty IN.CI.VI | E494: 3555556 | G494: HIENNTK.HCM.VTA | H494: Post | I494: =IF(LEN(A494)=5,E494,0) | J494: =IF(LEFT(A494,11)="Tài khoản: ",MID(A494,12,5),J493)
A495: 46295 | B495: '3123 | C495: GL | D495: Kê khai thuế GTGT hóa đơn 46/13.07.25- cty IN.CI.VI | E495: 3555556 | G495: HIENNTK.HCM.VTA | H495: Post | I495: =IF(LEN(A495)=5,E495,0) | J495: =IF(LEFT(A495,11)="Tài khoản: ",MID(A495,12,5),J494)
A496: 46295 | B496: '3123 | C496: GL | D496: Kê khai thuế GTGT hóa đơn 43/03.07.25- cty IN.CI.VI | E496: 3555556 | G496: HIENNTK.HCM.VTA | H496: Post | I496: =IF(LEN(A496)=5,E496,0) | J496: =IF(LEFT(A496,11)="Tài khoản: ",MID(A496,12,5),J495)
A497: 46295 | B497: '3123 | C497: GL | D497: Kê khai thuế GTGT tháng 9 CT ĐTXD | F497: 27831187 | G497: HIENNTK.HCM.VTA | H497: Post | I497: =IF(LEN(A497)=5,E497,0) | J497: =IF(LEFT(A497,11)="Tài khoản: ",MID(A497,12,5),J496)
A498: 46295 | B498: '3123 | C498: GL | D498: Kê khai thuế GTGT hóa đơn 263/25.06.25- cty ATAX | E498: 8222222 | G498: HIENNTK.HCM.VTA | H498: Post | I498: =IF(LEN(A498)=5,E498,0) | J498: =IF(LEFT(A498,11)="Tài khoản: ",MID(A498,12,5),J497)
A499: 46295 | B499: '3123 | C499: GL | D499: Kê khai thuế GTGT hóa đơn 132/18.08.25- cty PNT | E499: 5386741 | G499: HIENNTK.HCM.VTA | H499: Post | I499: =IF(LEN(A499)=5,E499,0) | J499: =IF(LEFT(A499,11)="Tài khoản: ",MID(A499,12,5),J498)
A500: 46295 | B500: '3123 | C500: GL | D500: Kê khai thuế GTGT hóa đơn 44/03.07.25- cty IN.CI.VI | E500: 3555556 | G500: HIENNTK.HCM.VTA | H500: Post | I500: =IF(LEN(A500)=5,E500,0) | J500: =IF(LEFT(A500,11)="Tài khoản: ",MID(A500,12,5),J499)
A501: 46295 | B501: '3193 | C501: GL | D501: K/c thuế GTGT từ 1333 về 3331 tháng 9/2026 | F501: 54072000 | G501: TUAN2HM.HCM.VTA | H501: Unpost | I501: =IF(LEN(A501)=5,E501,0) | J501: =IF(LEFT(A501,11)="Tài khoản: ",MID(A501,12,5),J500)
D502: Cộng phát sinh | E502: 82013214 | F502: 82013214 | I502: =IF(LEN(A502)=5,E502,0) | J502: =IF(LEFT(A502,11)="Tài khoản: ",MID(A502,12,5),J501)
D503: Dư cuối kỳ | I503: =IF(LEN(A503)=5,E503,0) | J503: =IF(LEFT(A503,11)="Tài khoản: ",MID(A503,12,5),J502)
D504: Tổng Dư đầu kỳ | E504: 60549888887 | I504: =IF(LEN(A504)=5,E504,0) | J504: =IF(LEFT(A504,11)="Tài khoản: ",MID(A504,12,5),J503)
D505: Tổng Cộng phát sinh | E505: 102568918647 | F505: 102568918647 | I505: =IF(LEN(A505)=5,E505,0) | J505: =IF(LEFT(A505,11)="Tài khoản: ",MID(A505,12,5),J504)
D506: Tổng Dư cuối kỳ | E506: 60549888887 | I506: =IF(LEN(A506)=5,E506,0) | J506: =IF(LEFT(A506,11)="Tài khoản: ",MID(A506,12,5),J505)
I507: =IF(LEN(A507)=5,E507,0) | J507: =IF(LEFT(A507,11)="Tài khoản: ",MID(A507,12,5),J506)
A508: TP. Hồ Chí Minh, ngày ..... tháng ..... năm .......... | I508: =IF(LEN(A508)=5,E508,0) | J508: =IF(LEFT(A508,11)="Tài khoản: ",MID(A508,12,5),J507)
I509: =IF(LEN(A509)=5,E509,0) | J509: =IF(LEFT(A509,11)="Tài khoản: ",MID(A509,12,5),J508)
I510: =IF(LEN(A510)=5,E510,0) | J510: =IF(LEFT(A510,11)="Tài khoản: ",MID(A510,12,5),J509)
A511: EVN_TA_030, người in: TUAN2HM.HCM.VTA, ngày in: 07/10/2026 15:06:18. | I511: =IF(LEN(A511)=5,E511,0) | J511: =IF(LEFT(A511,11)="Tài khoản: ",MID(A511,12,5),J510)
K554: x
L879: =F882-E882
K883: Đầu kỳ SPC ko được khấu trừ | L883: 60549888887
K884: Đàu kỳ HCM còn được khấu trừ | L884: =E883-L883
K918: x

Sheet Nhom TC
A1: CÔNG TY ĐIỆN LỰC VŨNG TÀU | E1: CỘNG HÒA XÃ HỘI CHỦ NGHĨA VIỆT NAM | N1: TRONGTHANG | O1: =SUMIF($L:$L,$N1,$K:$K)
A2: ĐỘI QUẢN LÝ THU GHI | E2: Độc Lập - Tự Do - Hạnh Phúc | N2: CUOITHANG | O2: =SUMIF($L$9:$L$15,N2,$K$9:$K$15)
O3: =SUM(O1:O2)
E4: Vũng Tàu, ngày 05 tháng 10 năm 2026 | N4: TD | O4: =K15
N5: VC
A6: BẢNG KÊ SẢN LƯỢNG TIÊU THỤ VÀ TIỀN ĐIỆN CỦA Công Ty TNHH Nhôm Toàn Cầu Việt Nam Thuế GTGT 0%
A8: STT | B8: Mã Khách Hàng | C8: Danh Số | D8: Địa Chỉ | E8: Kỳ-Tháng/Năm | F8: Ngày phát hành | G8: Loại HĐ | H8: Điện Tiêu Thụ | I8: Tiền PS | J8: Thuế PS
A9: 1 | B9: PB15040049659 | C9: AW06880 | D9: KCN Mỹ Xuân, huyện Tân Thành, tỉnh BRVT | E9: 01-09/2026 | F9: 46276 | G9: TD | H9: 19000 | I9: 39001500 | J9: 0 | K9: =I9 | L9: TRONGTHANG
E10: 02-09/2026 | F10: 21/09/2026 | G10: TD | H10: 20116 | I10: 40643157 | J10: 0 | K10: =I10 | L10: TRONGTHANG
E11: 03-09/2026 | F11: 46297 | G11: TD | H11: 23050 | I11: 47607749 | J11: 0 | K11: =I11 | L11: CUOITHANG
A12: 2 | B12: PB15040050211 | C12: AW06890 | D12: KCN Mỹ Xuân, huyện Tân Thành, tỉnh BRVT | E12: 01-09/2026 | F12: 46276 | G12: TD | H12: 33200 | I12: 66711500 | J12: 0 | K12: =I12 | L12: TRONGTHANG
E13: 02-09/2026 | F13: 21/09/2026 | G13: TD | H13: 30200 | I13: 59840400 | J13: 0 | K13: =I13 | L13: TRONGTHANG
E14: 03-09/2026 | F14: 46297 | G14: TD | H14: 33400 | I14: 67832700 | J14: 0 | K14: =I14 | L14: CUOITHANG
A15: Tổng Cộng | H15: 158966 | I15: 321637006
A16: Ba trăm hai mươi mốt triệu, sáu trăm ba mươi bảy ngàn, sáu đồng chẵn
A18: LẬP BIỂU | E18: ĐỘI QUẢN LÝ THU GHI | I18: KT GIÁM ĐỐC
I19: PHÓ GIÁM ĐỐC
A25: Phạm Quốc Việt | E25: Nguyễn Xuân Quang | I25: Đặng Quang Trung
