Workbook

Sheet TAXVTA
A1: THUẾ ĐẦU VÀO
K2: C/LECH
A3: TA36 | C3: Tài khoản | D3: Doanh số | E3: thuế suất | F3: Tiền thuế | G3: Sau thuế | I3: TA30 | J3: Tiền thuế | K3: TA36-TA30
A4: TA36 | C4: 13311 | D4: =SUMIF('TA36'!$V:$V,TAXVTA!C4,'TA36'!$H:$H) -> 1321171020806 | F4: =SUMIF('TA36'!$V:$V,TAXVTA!C4,'TA36'!$J:$J) -> 105695245168 | G4: =+D4+F4 -> 1426866265974 | I4: TA30 | J4: ='13311'!L2 -> 105695245168 | K4: =+F4-J4 -> 0
A5: TA36 | C5: 13313 | D5: =SUMIF('TA36'!$V:$V,TAXVTA!C5,'TA36'!$H:$H) -> 22317143432 | F5: =SUMIF('TA36'!$V:$V,TAXVTA!C5,'TA36'!$J:$J) -> 1785491138 | G5: =+D5+F5 -> 24102634570 | I5: TA30 | J5: ='13311'!L3 -> 1785491138 | K5: =+F5-J5 -> 0
D6: =SUM(D4:D5) -> 1343488164238 | F6: =SUM(F4:F5) -> 107480736306 | G6: =SUM(G4:G5) -> 1450968900544 | J6: =SUM(J4:J5) -> 107480736306 | K6: =SUM(K4:K5) -> 0
C8: thuế đầu vào lên tờ khai | D8: Doanh số | E8: thuế suất | F8: Tiền thuế | G8: Sau thuế | O8: Tên hàng hóa, dịch vụ | P8: Giá trị hàng hóa, dịch vụ mua vào chưa có thuế GTGT được khấu trừ trong kỳ | Q8: Thuế GTGT của hàng hóa, dịch vụ mua vào được khấu trừ trong kỳ
D9: =SUMIFS('TA36'!$H:$H,'TA36'!$I:$I,TAXVTA!$E9) -> 26769800 | E9: 5 | F9: =SUMIFS('TA36'!$J:$J,'TA36'!$I:$I,TAXVTA!$E$9) -> 1338490 | G9: =D9+F9 -> 28108290 | O9: Hàng hóa dịnh vụ mua vào áp thuế suất 8% | P9: =D10 -> 1343337095251 | Q9: =F10 -> 107466967898
D10: =SUMIFS('TA36'!$H:$H,'TA36'!$I:$I,TAXVTA!$E10) -> 1343337095251 | E10: 8 | F10: =SUMIFS('TA36'!$J:$J,'TA36'!$I:$I,TAXVTA!$E10) -> 107466967898 | G10: =D10+F10 -> 1450804063149
D11: =SUMIFS('TA36'!$H:$H,'TA36'!$I:$I,TAXVTA!$E11) -> 124299187 | E11: 10 | F11: =SUMIFS('TA36'!$J:$J,'TA36'!$I:$I,TAXVTA!$E11) -> 12429918 | G11: =D11+F11 -> 136729105
D12: =SUM(D9:D11) -> 1343488164238 | F12: =SUM(F9:F11) -> 107480736306 | G12: =SUM(G9:G11) -> 1450968900544
D13: ='TA36'!X15 -> 1343488164238 | F13: ='TA36'!Y15 -> 107480736306
A14: THUẾ,ĐẦU,RA | D14: =+D12-D13 -> 0 | F14: =+F12-F13 -> 0
C15: DIEN01 | D15: DIEN01 | E15: DIEN01 | F15: DIEN01 | G15: CSPK02 | H15: CSPK02 | I15: CSPK02 | J15: CSPK02 | K15: DIEN00 | L15: DIEN00 | M15: DIEN00 | N15: DIEN00 | O15: CỘNG | P15: CỘNG | Q15: CỘNG | R15: CỘNG
C16: Doanh,số | D16: thuế,suất | E16: Tiền,thuế | F16: Sau,thuế | G16: Doanh,số | H16: thuế,suất | I16: Tiền,thuế | J16: Sau,thuế | K16: Doanh,số | L16: thuế,suất | M16: Tiền,thuế | N16: Sau,thuế | O16: Doanh,số | P16: thuế,suất | Q16: Tiền,thuế | R16: Sau,thuế
A17: KDGCS | B17: TRONGTHANG | C17: =GCS!H40 -> 654867197777 | E17: =GCS!I40 -> 52389375828 | F17: =GCS!J40 -> 707256573605 | G17: =+GCS!K35 -> 166049636 | I17: =GCS!L35 -> 13283972 | J17: =GCS!M35 -> 179333608 | K17: =GCS!H41 -> 158073900 | M17: 0 | N17: =GCS!J41 -> 158073900 | O17: =C17+G17+K17 -> 655191321313 | Q17: =+E17+I17 -> 52402659800 | R17: =+O17+Q17 -> 707593981113
A18: KDGCS | B18: CUOITHANG | C18: =+GCS!H47 -> 765642586406 | E18: =+GCS!I47 -> 61251406929 | F18: =GCS!J47 -> 826893993335 | G18: =+GCS!K36 -> 596561995 | I18: =GCS!L36 -> 47724956 | J18: =GCS!M36 -> 644286951 | K18: =GCS!H48 -> 95871352 | N18: =GCS!J48 -> 95871352 | O18: =+C18+G18+K18 -> 766335019753 | Q18: =+E18+I18 -> 61299131885 | R18: =+O18+Q18 -> 827634151638
C19: =SUM(C17:C18) -> 1420509784183 | E19: =SUM(E17:E18) -> 113640782757 | F19: =SUM(F17:F18) -> 1534150566940 | G19: =SUM(G17:G18) -> 762611631 | I19: =SUM(I17:I18) -> 61008928 | J19: =SUM(J17:J18) -> 823620559 | K19: =SUM(K17:K18) -> 253945252 | L19: =SUM(L17:L18) -> 0 | M19: =SUM(M17:M18) -> 0 | N19: =SUM(N17:N18) -> 253945252 | O19: =SUM(O17:O18) -> 1421526341066 | Q19: =SUM(Q17:Q18) -> 113701791685 | R19: =SUM(R17:R18) -> 1535228132751
A20: KD4A | C20: ='4A'!D13 -> 1420509784183 | E20: ='4A'!E13 -> 113640782757 | F20: ='4A'!F13 -> 1534150566940 | G20: =+'4A'!D9 -> 762611631 | I20: =+'4A'!E9 -> 61008928 | J20: =+'4A'!F9 -> 823620559 | K20: ='4A'!D12 -> 253945252 | M20: =+'4A'!I9 -> 0 | N20: ='4A'!F12 -> 253945252 | O20: =C20+G20+K20 -> 1421526341066 | Q20: =+E20+I20 -> 113701791685 | R20: =O20+Q20 -> 1535228132751
A21: c/lech | B21: GCS-4A | C21: =+C19-C20 -> 0 | D21: =+D19-D20 -> 0 | E21: =+E19-E20 -> 0 | F21: =+F19-F20 -> 0 | G21: =+G19-G20 -> 0 | H21: =+H19-H20 -> 0 | I21: =+I19-I20 -> 0 | J21: =+J19-J20 -> 0 | ... R21: =+R19-R20 -> 0
A23: GL0903 | C23: ='0903'!X3 -> 1420509784183 | G23: ='0903'!X4+'0903'!X1 -> 762611631 | K23: ='0903'!X2 -> 253945252 | O23: =SUM(C23:N23) -> 1421526341066
A24: c/lech | B24: KD4A-GL0903 | C24: =+C20-C23 -> 0 | G24: =+G20-G23 -> 0 | K24: =+K20-K23 -> 0 | O24: =+O20-O23 -> 0
A26: TA35 | D26: TA_035 | F26: GCS T4-2026 sang T5/26 HT | H26: GCS T5-2026 | J26: Chênh lệch
D27: Doanh số | E27: Tiền thuế | F27: Doanh số | G27: Tiền thuế | H27: Doanh số | I27: Tiền thuế | J27: Doanh số | K27: Tiền thuế
C28: DIEN00 | D28: =SUMIFS('TA35'!$H:$H,'TA35'!$T:$T,TAXVTA!$C28) -> 239893600 | E28: =SUMIFS('TA35'!$J:$J,'TA35'!$T:$T,TAXVTA!$C28) -> 0 | F28: 81819700 | H28: =GCS!H41 -> 158073900 | J28: =D28-F28-H28 -> 0 | K28: =E28-G28-I28 -> 0
C29: DIEN01 | D29: =SUMIFS('TA35'!$H:$H,'TA35'!$T:$T,TAXVTA!$C29) -> 1356716633174 | E29: =SUMIFS('TA35'!$J:$J,'TA35'!$T:$T,TAXVTA!$C29) -> 108537330869 | F29: 701849435397 | G29: 56147955041 | H29: =GCS!H40 -> 654867197777 | I29: =GCS!I40 -> 52389375828 | J29: =D29-F29-H29 -> 0 | K29: =E29-G29-I29 -> 0
C30: CSPK02 | D30: =SUMIFS('TA35'!$H:$H,'TA35'!$T:$T,TAXVTA!$C30)+'TA35'!W5 -> 641477615 | E30: =SUMIFS('TA35'!$J:$J,'TA35'!$T:$T,TAXVTA!$C30) -> 51318199 | F30: 475427979 | G30: 38034227 | H30: =GCS!L42 -> 166049636 | I30: =GCS!M40 -> 13283972 | J30: =D30-F30-H30 -> 0 | K30: =E30-G30-I30 -> 0
C31: 1388ĐĐ | D31: =SUMIFS('TA35'!$H:$H,'TA35'!$T:$T,TAXVTA!$C31) -> 4451010687 | E31: =SUMIFS('TA35'!$J:$J,'TA35'!$T:$T,TAXVTA!$C31) -> 356080855
C32: 5118QT | D32: =SUMIFS('TA35'!$H:$H,'TA35'!$T:$T,TAXVTA!$C32) -> 0 | E32: =SUMIFS('TA35'!$J:$J,'TA35'!$T:$T,TAXVTA!$C32) -> 0
C33: 4500TT | D33: =SUMIFS('TA35'!$H:$H,'TA35'!$T:$T,TAXVTA!$C33) -> 253573360 | E33: =SUMIFS('TA35'!$J:$J,'TA35'!$T:$T,TAXVTA!$C33) -> 20285870
C34: Cộng | D34: =SUM(D28:D33) -> 1362302588436 | E34: =SUM(E28:E33) -> 108965015793 | F34: =SUM(F28:F33) -> 702406683076 | G34: =SUM(G28:G33) -> 56185989268 | H34: =SUM(H28:H33) -> 655191321313 | I34: =SUM(I28:I33) -> 52402659800 | J34: =SUM(J28:J33) -> 0 | K34: =SUM(K28:K33) -> 0
A36: GL33895 (GL_038) | E36: =SUMIFS('33895'!$K:$K,'33895'!$J:$J,TAXVTA!C$15) -> 61251406929 | I36: =SUMIFS('33895'!$K:$K,'33895'!$J:$J,TAXVTA!G$15) -> 47724956 | Q36: =+E36+I36 -> 61299131885
A37: c/lech | B37: KDGCS-GL33895 | E37: =+E18-E36 -> 0 | I37: =+I18-I36 -> 0 | Q37: =+Q18-Q36 -> 0
D38: Doanh số | E38: Tiền thuế
A39: TA030 | B39: TK333111 | D39: ='333111'!M2 -> 52389375828 | E39: =+'333111'!M7 -> 52402659800
A40: c/lech | B40: KDGCS-TA30 | D40: =E17-D39 -> 0 | E40: =D40+G29 -> 56147955041
A41: c/lech | B41: TA35-TA30 | D41: =D39-E29 -> -56147955041
O43: Tên hàng hóa, dịch vụ | P43: Giá trị hàng hóa, dịch vụ chưa có thuế GTGT | Q43: Thuế GTGT của hàng hóa, dịch vụ bán ra được giảm
B44: Thuế đầu ra lên tờ khai | C44: Doanh,số | D44: thuế,suất | E44: Tiền,thuế | F44: Sau,thuế | M44: NHẬP LÊN TỜ KHÁI THUẾ THÁNG | O44: Hoạt động kinh doanh điện | P44: =C46+C48 -> 1357358110789 | Q44: =E46+E48 -> 108588649068
A45: Điện | B45: DIEN00 | C45: =SUMIFS('TA35'!$H:$H,'TA35'!$T:$T,TAXVTA!B45,'TA35'!$I:$I,TAXVTA!D45) -> 239893600 | D45: 0 | E45: =SUMIFS('TA35'!$J:$J,'TA35'!$T:$T,TAXVTA!B45,'TA35'!$I:$I,TAXVTA!D45) -> 0 | F45: =C45+E45 -> 239893600 | K45: 91678635810 | O45: Điều động vật tư thiết bị | P45: =C49 -> 4451010687 | Q45: =E49 -> 356080855
A46: Điện | B46: DIEN01 | C46: =SUMIFS('TA35'!$H:$H,'TA35'!$T:$T,TAXVTA!B46,'TA35'!$I:$I,TAXVTA!D46) -> 1356716633174 | D46: 8 | E46: =SUMIFS('TA35'!$J:$J,'TA35'!$T:$T,TAXVTA!B46,'TA35'!$I:$I,TAXVTA!D46) -> 108537330869 | F46: =C46+E46 -> 1465253964043 | K46: 14156022 | O46: Cho thuê trụ | P46: =C51 -> 253573360 | Q46: =E51 -> 20285870
A47: Điện vô công | B47: CSPK00 | C47: =SUMIFS('TA35'!$H:$H,'TA35'!$T:$T,TAXVTA!B47,'TA35'!$I:$I,TAXVTA!D47) -> 0 | D47: 0 | E47: =SUMIFS('TA35'!$J:$J,'TA35'!$T:$T,TAXVTA!B47,'TA35'!$I:$I,TAXVTA!D47) -> 0 | F47: =C47+E47 -> 0 | K47: 7350000 | P47: =SUM(P44:P46) -> 1362062694836 | Q47: =SUM(Q44:Q46) -> 108965015793
A48: Điện vô công | B48: CSPK02 | C48: =SUMIFS('TA35'!$H:$H,'TA35'!$T:$T,TAXVTA!B48,'TA35'!$I:$I,TAXVTA!D48) -> 641477615 | D48: 8 | E48: =SUMIFS('TA35'!$J:$J,'TA35'!$T:$T,TAXVTA!B48,'TA35'!$I:$I,TAXVTA!D48) -> 51318199 | F48: =C48+E48 -> 692795814 | H48: =C46+C47 -> 1356716633174 | I48: =E46+E47 -> 108537330869 | J48: =H48*10% -> 1.3567166e+11 | K48: 127322953
A49: Điều động VTTB | B49: 1388ĐĐ | C49: =SUMIFS('TA35'!$H:$H,'TA35'!$T:$T,TAXVTA!B49,'TA35'!$I:$I,TAXVTA!D49) -> 4451010687 | D49: 8 | E49: =SUMIFS('TA35'!$J:$J,'TA35'!$T:$T,TAXVTA!B49,'TA35'!$I:$I,TAXVTA!D49) -> 356080855 | F49: =C49+E49 -> 4807091542 | H49: =C46+C47+C48+C49+C52 -> 1361809121476 | J49: =H49*10% -> 1.3618091e+11 | K49: =SUM(K45:K48) -> 91827464785 | L49: =J49-K49 -> 4.4353447e+10
A50: Điều động VTTB | B50: 1388ĐĐ | C50: =SUMIFS('TA35'!$H:$H,'TA35'!$T:$T,TAXVTA!B50,'TA35'!$I:$I,TAXVTA!D50) -> 0 | D50: 10 | E50: =SUMIFS('TA35'!$J:$J,'TA35'!$T:$T,TAXVTA!B50,'TA35'!$I:$I,TAXVTA!D50) -> 0
A51: Cho thuê trụ điện | B51: 4500TT | C51: =SUMIFS('TA35'!$H:$H,'TA35'!$T:$T,TAXVTA!B51,'TA35'!$I:$I,TAXVTA!D51) -> 253573360 | D51: 8 | E51: =SUMIFS('TA35'!$J:$J,'TA35'!$T:$T,TAXVTA!B51,'TA35'!$I:$I,TAXVTA!D51) -> 20285870 | F51: =C51+E51 -> 273859230
C52: =SUMIFS('TA35'!$H:$H,'TA35'!$T:$T,TAXVTA!$B52,'TA35'!$I:$I,TAXVTA!$D52) -> 0 | E52: =SUMIFS('TA35'!$J:$J,'TA35'!$T:$T,TAXVTA!B52,'TA35'!$I:$I,TAXVTA!D52) -> 0 | F52: =C52+E52 -> 0
C53: =SUM(C45:C52) -> 1362302588436 | E53: =SUM(E45:E52) -> 108965015793 | F53: =SUM(F45:F52) -> 1471267604229 | H53: =C53-C45 -> 1362062694836
C54: ='TA35'!H51 -> 1362302588436 | E54: ='TA35'!J51 -> 108965015793 | F54: ='TA35'!J54 -> 0
C55: =+C53-C54 -> 0 | E55: =+E53-E54 -> 0 | F55: =+F53-F54 -> 1471267604229
A56: TỜ,KHAI,THUẾ,GTGT | C56: 2026T04
C58: Đầu vào | D58: Doanh số | E58: thuế suất | F58: Tiền thuế | G58: Sau thuế | I58: Đầu ra | J58: Doanh số | K58: thuế suất | L58: Tiền thuế | M58: Sau thuế
J59: =SUMIF('TA35'!$I:$I,TAXVTA!K59,'TA35'!$H:$H) -> 239893600 | K59: 0 | L59: =SUMIF('TA35'!$I:$I,TAXVTA!K59,'TA35'!$J:$J) -> 0 | M59: =J59+L59 -> 239893600
D60: =D9 -> 26769800 | E60: 5 | F60: =F9 -> 1338490 | G60: =D60+F60 -> 28108290 | J60: =SUMIF('TA35'!$I:$I,TAXVTA!K60,'TA35'!$H:$H) -> 0 | K60: 5 | L60: =SUMIF('TA35'!$I:$I,TAXVTA!K60,'TA35'!$J:$J) -> 0 | M60: =J60+L60 -> 0
D61: =D10 -> 1343337095251 | E61: 8 | F61: =F10 -> 107466967898 | G61: =D61+F61 -> 1450804063149 | J61: =SUMIF('TA35'!$I:$I,TAXVTA!K61,'TA35'!$H:$H) -> 1362062694836 | K61: 8 | L61: =SUMIF('TA35'!$I:$I,TAXVTA!K61,'TA35'!$J:$J) -> 108965015793 | M61: =J61+L61 -> 1471027710629
D62: =D11 -> 124299187 | E62: 10 | F62: =F11 -> 12429918 | G62: =D62+F62 -> 136729105 | J62: =SUMIF('TA35'!$I:$I,TAXVTA!K62,'TA35'!$H:$H) -> 0 | K62: 10 | L62: =SUMIF('TA35'!$I:$I,TAXVTA!K62,'TA35'!$J:$J) -> 0 | M62: =J62+L62 -> 0
D63: =SUM(D60:D62) -> 1343488164238 | F63: =SUM(F60:F62) -> 107480736306 | G63: =SUM(G60:G62) -> 1450968900544 | J63: =SUM(J59:J62) -> 1362302588436 | L63: =SUM(L59:L62) -> 108965015793 | M63: =SUM(M59:M62) -> 1471267604229
D64: 1291317159290 | F64: 103209196176 | G64: =D64+F64 -> 1394526355466 | J64: ='TA35'!H54 -> 0 | L64: ='TA35'!J54 -> 0
D65: =D63-D64 -> 52171004948 | F65: =F63-F64 -> 4271540130 | J65: =J63-J64 -> 1362302588436 | L65: =L63-L64 -> 108965015793
A66: số trên tokhai | B66: dauky dauvao(N13311) | E66: ='13311'!I1 -> 79821540914 | G66: =+(E66+F68)-(F69-E67)-G67 -> 78337261427 | H66: số dư Nợ 13311
B67: dauky daura (N333111) | E67: ='333111'!J1 -> 1500000000 | G67: =+E67 -> 1500000000 | H67: số dư Nợ 333111
B68: dauvao trong thang | D68: =D63 -> 1343488164238 | F68: =F63 -> 107480736306
B69: daura trong thang | D69: =J63 -> 1362302588436 | F69: =L63 -> 108965015793
D70: =SUM(D68:D69) -> 2705790752674 | F70: =F69-F68-E67 -> -15720513 | G70: =SUM(G66:G67) -> 79837261427 | H70: =IF(F70<0,"còn được khấu trừ tháng sau, 333111=0, dư nợ 13311", "nộp thuế tháng này") -> còn được khấu trừ tháng sau, 333111=0, dư nợ 13311
E73: TK,333111 | K73: TK 13311
D74: số dư HCM | E74: =+'333111'!J1-E75 -> 0 | F74: số này sẽ được khấu trừ trong năm 2026 | J74: số dư SPC (đúng) | K74: ='13311'!I1 -> 79821540914 | M74: số dư Nợ 13311 của SPC không được, để nguyên
D75: số dư SPC | E75: 1500000000 | F75: số nộp dư của SCP Nợ TK333111 --> không được khấu trừ, để nguyên | M75: đ/c giảm đầu vào của Tân Thuận (đã làm tờ đ/c trong T2/2024+T3/2024)
D78: psinh tháng này | F78: ='333111'!F54 -> 108965015793 | J78: psinh tháng này | K78: 105695245168
D79: KC 13311-333111 (SXKD) | E79: =+L79 -> 107179524655 | J79: KC 133-333 | L79: ='13311'!F472 -> 107179524655
D80: KC 13313-333111 (XDCB) | E80: =+F5 -> 1785491138
E83: =+E79+E80 -> 108965015793 | F83: =+F78 -> 108965015793 | K83: =+K78 -> 105695245168 | L83: =+L79 -> 107179524655
A84: 91242750075 | D84: số dư HCM | E84: =+E74+E83-F83 -> 0 | G84: số còn được cấn trừ tháng sau | K84: =K74+K83-L75-L83 -> 78337261427 | M84: giữ nguyên số dư
D85: số dư SPC | E85: =+E75 -> 1500000000 | G85: giữ nguyên số dư | J85: số dư SPC | K85: 60549888887
D86: CỘNG | E86: =+E84+E85 -> 1500000000 | G86: Số thuế phải nộp | J86: Số còn được KT thực tế | K86: =K84-K85 -> 17787372540 | L86: 17787372540 | M86: =K86-L86 -> 0
E87: số dư cuối cùng
E89: ='333111'!J3 -> 1500000000 | K89: ='13311'!I4 -> 78337261427
D90: c/lech | E90: =E86-E89 -> 0 | J90: c/lech | K90: =K84-K89 -> 0
C93: Đ/cgiảm thuế GTGT đầu vào T2/2024 cho PC Tân Thuận | E93: -1477840
C94: Đ/cgiảm thuế GTGT đầu vào T3/2024 cho PC Tân Thuận | E94: -2920764
E95: =SUM(E93:E94) -> -4398604
E96: =E84+E95 -> -4398604
K103: =K101-K102 -> 0
H117: [22]
H123: [25]
H136: [35]
K143: =-I117 -> 0
K144: =-I123 -> 0
K145: =+I136 -> 0
K146: =SUM(K143:K145) -> 0
K147: =K146-E81 -> 0
H150: [40] | I150: =K146 -> 0
B151: chỉtiêu22:lấytừchỉtiêu43củatờkhailầnđầucủathángliềnkềtrước
B152: SốthuếGTGTcònđượckhấutrừtănggiảmsẽnhậpvàochỉtiêu37+38
H153: sốphảinộp | I153: =I150 -> 0
H154: cấntrừnộpthừa | I154: =E75 -> 1500000000
I155: =+I153-I154 -> -1500000000 | J155: sốthuếnộpthựctếtháng7/2025

Sheet GCS
A2: TỔNG CÔNG TY ĐIỆN LỰC THÀNH PHỐ HỒ CHÍ MINH TNHH
A3: CÔNG TY ĐIỆN LỰC VŨNG TÀU
A5: BÁO CÁO TỔNG HỢP THEO NGÀY GHI CHỈ SỐ VÀ PHÁT HÀNH HÓA ĐƠN
A6: Tháng năm: 04/2026
A8: Stt | B8: Ngày ghi | C8: Số sổ GCS | D8: Số hóa đơn | E8: Ngày phát hành hóa đơn | F8: Điện năng tiêu thụ | I8: Tiền điện tác dụng | J8: Thuế điện tác dụng | K8: Tổng tiền điện tác dụng | L8: Tiền CSPK | M8: Thuế CSPK | N8: Tổng tiền CSPK | O8: Tổng cộng
F9: SH | G9: Ngoài SH | H9: Tổng
A10: Loại hoá đơn : Hủy bỏ
A11: 1 | B11: =INDEX('[1]1,8-PH_GCS'!C2:C12,1,1) -> 31/03/2026 | C11: =INDEX('[1]1,8-PH_GCS'!$B2:$N12,1,1) -> 1 | D11: =INDEX('[1]1,8-PH_GCS'!$B2:$N12,1,3) -> 1 | E11: =B11 -> 31/03/2026 | F11: =INDEX('[1]1,8-PH_GCS'!$B2:$N12,1,5) -> 0 | G11: =INDEX('[1]1,8-PH_GCS'!$B2:$N12,1,6) -> -1879 | H11: =INDEX('[1]1,8-PH_GCS'!$B2:$N12,1,4) -> -1879 | I11: =INDEX('[1]1,8-PH_GCS'!$B2:$N12,1,7) -> -6680400 | J11: =INDEX('[1]1,8-PH_GCS'!$B2:$N12,1,8) -> -534432 | K11: =INDEX('[1]1,8-PH_GCS'!$B2:$N12,1,9) -> -7214832 | L11: =INDEX('[1]1,8-PH_GCS'!$B2:$N12,1,10) -> 0 | M11: =INDEX('[1]1,8-PH_GCS'!$B2:$N12,1,11) -> 0 | N11: =INDEX('[1]1,8-PH_GCS'!$B2:$N12,1,12) -> 0 | O11: =INDEX('[1]1,8-PH_GCS'!$B2:$N12,1,13) -> -7214832 | P11: TRONGTHANG
A12: 2 | B12: =INDEX('[1]1,8-PH_GCS'!C3:C13,1,1) -> 31/05/2026 | C12: =INDEX('[1]1,8-PH_GCS'!$B3:$N13,1,1) -> 35 | D12: =INDEX('[1]1,8-PH_GCS'!$B3:$N13,1,3) -> 98 | E12: =B12 -> 31/05/2026 | F12: =INDEX('[1]1,8-PH_GCS'!$B3:$N13,1,5) -> -26677 | G12: =INDEX('[1]1,8-PH_GCS'!$B3:$N13,1,6) -> -57257 | H12: =INDEX('[1]1,8-PH_GCS'!$B3:$N13,1,4) -> -83934 | I12: =INDEX('[1]1,8-PH_GCS'!$B3:$N13,1,7) -> -223276078 | J12: =INDEX('[1]1,8-PH_GCS'!$B3:$N13,1,8) -> -17862090 | K12: =INDEX('[1]1,8-PH_GCS'!$B3:$N13,1,9) -> -241138168 | L12: =INDEX('[1]1,8-PH_GCS'!$B3:$N13,1,10) -> 0 | M12: =INDEX('[1]1,8-PH_GCS'!$B3:$N13,1,11) -> 0 | N12: =INDEX('[1]1,8-PH_GCS'!$B3:$N13,1,12) -> 0 | O12: =INDEX('[1]1,8-PH_GCS'!$B3:$N13,1,13) -> -241138168 | P12: TRONGTHANG
A13: Tổng số | C13: =SUM(C11:C12) -> 36 | D13: =SUM(D11:D12) -> 99 | F13: =SUM(F11:F12) -> -26677 | G13: =SUM(G11:G12) -> -59136 | H13: =SUM(H11:H12) -> -85813 | I13: =SUM(I11:I12) -> -229956478 | J13: =SUM(J11:J12) -> -18396522 | K13: =SUM(K11:K12) -> -248353000 | L13: =SUM(L11:L12) -> 0 | M13: =SUM(M11:M12) -> 0 | ... O13: =SUM(O11:O12) -> -248353000
A14: Loại hoá đơn : Lặp lại
A15: 3 | B15: =INDEX('[1]1,8-PH_GCS'!C4:C16,1,1) -> 30/04/2026 | C15: =INDEX('[1]1,8-PH_GCS'!$B4:$N16,1,1) -> 1 | D15: =INDEX('[1]1,8-PH_GCS'!$B4:$N16,1,3) -> 1 | E15: =B15 -> 30/04/2026 | F15: =INDEX('[1]1,8-PH_GCS'!$B4:$N16,1,5) -> 0 | G15: =INDEX('[1]1,8-PH_GCS'!$B4:$N16,1,6) -> 1540 | H15: =INDEX('[1]1,8-PH_GCS'!$B4:$N16,1,4) -> 1540 | I15: =INDEX('[1]1,8-PH_GCS'!$B4:$N16,1,7) -> 5326506 | J15: =INDEX('[1]1,8-PH_GCS'!$B4:$N16,1,8) -> 426120 | K15: =INDEX('[1]1,8-PH_GCS'!$B4:$N16,1,9) -> 5752626 | L15: =INDEX('[1]1,8-PH_GCS'!$B4:$N16,1,10) -> 0 | M15: =INDEX('[1]1,8-PH_GCS'!$B4:$N16,1,11) -> 0 | N15: =INDEX('[1]1,8-PH_GCS'!$B4:$N16,1,12) -> 0 | O15: =INDEX('[1]1,8-PH_GCS'!$B4:$N16,1,13) -> 5752626 | P15: TRONGTHANG
A16: 4 | B16: =INDEX('[1]1,8-PH_GCS'!C5:C17,1,1) -> 31/05/2026 | C16: =INDEX('[1]1,8-PH_GCS'!$B5:$N17,1,1) -> 35 | D16: =INDEX('[1]1,8-PH_GCS'!$B5:$N17,1,3) -> 98 | E16: =B16 -> 31/05/2026 | F16: =INDEX('[1]1,8-PH_GCS'!$B5:$N17,1,5) -> 11718 | G16: =INDEX('[1]1,8-PH_GCS'!$B5:$N17,1,6) -> 143003 | H16: =INDEX('[1]1,8-PH_GCS'!$B5:$N17,1,4) -> 154721 | I16: =INDEX('[1]1,8-PH_GCS'!$B5:$N17,1,7) -> 453677616 | J16: =INDEX('[1]1,8-PH_GCS'!$B5:$N17,1,8) -> 36294207 | K16: =INDEX('[1]1,8-PH_GCS'!$B5:$N17,1,9) -> 489971823 | L16: =INDEX('[1]1,8-PH_GCS'!$B5:$N17,1,10) -> 0 | M16: =INDEX('[1]1,8-PH_GCS'!$B5:$N17,1,11) -> 0 | N16: =INDEX('[1]1,8-PH_GCS'!$B5:$N17,1,12) -> 0 | O16: =INDEX('[1]1,8-PH_GCS'!$B5:$N17,1,13) -> 489971823 | P16: TRONGTHANG
A17: Tổng số: | C17: =SUM(C15:C16) -> 36 | D17: =SUM(D15:D16) -> 99 | F17: =SUM(F15:F16) -> 11718 | G17: =SUM(G15:G16) -> 144543 | H17: =SUM(H15:H16) -> 156261 | I17: =SUM(I15:I16) -> 459004122 | J17: =SUM(J15:J16) -> 36720327 | K17: =SUM(K15:K16) -> 495724449 | L17: =SUM(L15:L16) -> 0 | M17: =SUM(M15:M16) -> 0 | ... O17: =SUM(O15:O16) -> 495724449
A18: Loại hoá đơn : Phát sinh
A19: 5 | B19: =INDEX('[1]1,8-PH_GCS'!C6:C21,1,1) -> 10/05/2026 | C19: =INDEX('[1]1,8-PH_GCS'!$B6:$N21,1,1) -> 22 | D19: =INDEX('[1]1,8-PH_GCS'!$B6:$N21,1,3) -> 431 | E19: 46153 | F19: =INDEX('[1]1,8-PH_GCS'!$B6:$N21,1,5) -> 1582 | G19: =INDEX('[1]1,8-PH_GCS'!$B6:$N21,1,6) -> 167584009 | H19: =INDEX('[1]1,8-PH_GCS'!$B6:$N21,1,4) -> 167585591 | I19: =INDEX('[1]1,8-PH_GCS'!$B6:$N21,1,7) -> 318577781957 | J19: =INDEX('[1]1,8-PH_GCS'!$B6:$N21,1,8) -> 25480346999 | K19: =INDEX('[1]1,8-PH_GCS'!$B6:$N21,1,9) -> 344058128956 | L19: =INDEX('[1]1,8-PH_GCS'!$B6:$N21,1,10) -> 63034452 | M19: =INDEX('[1]1,8-PH_GCS'!$B6:$N21,1,11) -> 5042756 | N19: =INDEX('[1]1,8-PH_GCS'!$B6:$N21,1,12) -> 68077208 | O19: =INDEX('[1]1,8-PH_GCS'!$B6:$N21,1,13) -> 344126206164 | P19: TRONGTHANG
A20: 6 | B20: =INDEX('[1]1,8-PH_GCS'!C7:C22,1,1) -> 15/05/2026 | C20: =INDEX('[1]1,8-PH_GCS'!$B7:$N22,1,1) -> 8 | D20: =INDEX('[1]1,8-PH_GCS'!$B7:$N22,1,3) -> 188 | E20: 46158 | F20: =INDEX('[1]1,8-PH_GCS'!$B7:$N22,1,5) -> 7650 | G20: =INDEX('[1]1,8-PH_GCS'!$B7:$N22,1,6) -> 5519709 | H20: =INDEX('[1]1,8-PH_GCS'!$B7:$N22,1,4) -> 5527359 | I20: =INDEX('[1]1,8-PH_GCS'!$B7:$N22,1,7) -> 13249288139 | J20: =INDEX('[1]1,8-PH_GCS'!$B7:$N22,1,8) -> 1059943044 | K20: =INDEX('[1]1,8-PH_GCS'!$B7:$N22,1,9) -> 14309231183 | L20: =INDEX('[1]1,8-PH_GCS'!$B7:$N22,1,10) -> 34333124 | M20: =INDEX('[1]1,8-PH_GCS'!$B7:$N22,1,11) -> 2746651 | N20: =INDEX('[1]1,8-PH_GCS'!$B7:$N22,1,12) -> 37079775 | O20: =INDEX('[1]1,8-PH_GCS'!$B7:$N22,1,13) -> 14346310958 | P20: TRONGTHANG
A21: 7 | B21: =INDEX('[1]1,8-PH_GCS'!C8:C23,1,1) -> 20/05/2026 | C21: =INDEX('[1]1,8-PH_GCS'!$B8:$N23,1,1) -> 21 | D21: =INDEX('[1]1,8-PH_GCS'!$B8:$N23,1,3) -> 435 | E21: 46163 | F21: =INDEX('[1]1,8-PH_GCS'!$B8:$N23,1,5) -> 1648 | G21: =INDEX('[1]1,8-PH_GCS'!$B8:$N23,1,6) -> 167498187 | H21: =INDEX('[1]1,8-PH_GCS'!$B8:$N23,1,4) -> 167499835 | I21: =INDEX('[1]1,8-PH_GCS'!$B8:$N23,1,7) -> 322724399951 | J21: =INDEX('[1]1,8-PH_GCS'!$B8:$N23,1,8) -> 25811181662 | K21: =INDEX('[1]1,8-PH_GCS'!$B8:$N23,1,9) -> 348535581613 | L21: =INDEX('[1]1,8-PH_GCS'!$B8:$N23,1,10) -> 68682060 | M21: =INDEX('[1]1,8-PH_GCS'!$B8:$N23,1,11) -> 5494565 | N21: =INDEX('[1]1,8-PH_GCS'!$B8:$N23,1,12) -> 74176625 | O21: =INDEX('[1]1,8-PH_GCS'!$B8:$N23,1,13) -> 348609758238 | P21: TRONGTHANG
A22: 8 | B22: =INDEX('[1]1,8-PH_GCS'!C9:C24,1,1) -> 31/05/2026 | C22: =INDEX('[1]1,8-PH_GCS'!$B9:$N24,1,1) -> 2027 | D22: =INDEX('[1]1,8-PH_GCS'!$B9:$N24,1,3) -> 237233 | E22: 46175 | F22: =INDEX('[1]1,8-PH_GCS'!$B9:$N24,1,5) -> 95846215 | G22: =INDEX('[1]1,8-PH_GCS'!$B9:$N24,1,6) -> 238508165 | H22: =INDEX('[1]1,8-PH_GCS'!$B9:$N24,1,4) -> 334354380 | I22: =INDEX('[1]1,8-PH_GCS'!$B9:$N24,1,7) -> 765738457758 | J22: =INDEX('[1]1,8-PH_GCS'!$B9:$N24,1,8) -> 61251406929 | K22: =INDEX('[1]1,8-PH_GCS'!$B9:$N24,1,9) -> 826989864687 | L22: =INDEX('[1]1,8-PH_GCS'!$B9:$N24,1,10) -> 596561995 | M22: =INDEX('[1]1,8-PH_GCS'!$B9:$N24,1,11) -> 47724956 | N22: =INDEX('[1]1,8-PH_GCS'!$B9:$N24,1,12) -> 644286951 | O22: =INDEX('[1]1,8-PH_GCS'!$B9:$N24,1,13) -> 827634151638 | P22: CUOITHANG
A23: Tổng số: | C23: =SUM(C19:C22) -> 2078 | D23: =SUM(D19:D22) -> 238287 | F23: =SUM(F19:F22) -> 95857095 | G23: =SUM(G19:G22) -> 579110070 | H23: =SUM(H19:H22) -> 674967165 | I23: =SUM(I19:I22) -> 1420289927805 | J23: =SUM(J19:J22) -> 113602878634 | K23: =SUM(K19:K22) -> 1533892806439 | L23: =SUM(L19:L22) -> 762611631 | M23: =SUM(M19:M22) -> 61008928 | ... O23: =SUM(O19:O22) -> 1534716426998
A24: Loại hoá đơn : Thoái hoàn
A25: 9 | B25: =INDEX('[1]1,8-PH_GCS'!C10:C27,1,1) -> 31/05/2026 | C25: =INDEX('[1]1,8-PH_GCS'!$B10:$N27,1,1) -> 10 | D25: =INDEX('[1]1,8-PH_GCS'!$B10:$N27,1,3) -> 10 | E25: 46173 | F25: =INDEX('[1]1,8-PH_GCS'!$B10:$N27,1,5) -> -3655 | G25: =INDEX('[1]1,8-PH_GCS'!$B10:$N27,1,6) -> -8219 | H25: =INDEX('[1]1,8-PH_GCS'!$B10:$N27,1,4) -> -11874 | I25: =INDEX('[1]1,8-PH_GCS'!$B10:$N27,1,7) -> -37491358 | J25: =INDEX('[1]1,8-PH_GCS'!$B10:$N27,1,8) -> -2999309 | K25: =INDEX('[1]1,8-PH_GCS'!$B10:$N27,1,9) -> -40490667 | L25: =INDEX('[1]1,8-PH_GCS'!$B10:$N27,1,10) -> 0 | M25: =INDEX('[1]1,8-PH_GCS'!$B10:$N27,1,11) -> 0 | N25: =INDEX('[1]1,8-PH_GCS'!$B10:$N27,1,12) -> 0 | O25: =INDEX('[1]1,8-PH_GCS'!$B10:$N27,1,13) -> -40490667 | P25: TRONGTHANG
A26: Tổng số: | C26: =SUM(C25:C25) -> 10 | D26: =SUM(D25:D25) -> 10 | E26: =SUM(E25:E25) -> 46173 | F26: =SUM(F25:F25) -> -3655 | G26: =SUM(G25:G25) -> -8219 | H26: =SUM(H25:H25) -> -11874 | I26: =SUM(I25:I25) -> -37491358 | J26: =SUM(J25:J25) -> -2999309 | ... O26: =SUM(O25:O25) -> -40490667
A27: Loại hoá đơn : Truy thu
A28: 10 | B28: =INDEX('[1]1,8-PH_GCS'!C11:C33,1,1) -> 10/05/2026 | C28: =INDEX('[1]1,8-PH_GCS'!$B11:$N33,1,1) -> 2 | D28: =INDEX('[1]1,8-PH_GCS'!$B11:$N33,1,3) -> 15 | E28: 46153 | F28: =INDEX('[1]1,8-PH_GCS'!$B11:$N33,1,5) -> 0 | G28: =INDEX('[1]1,8-PH_GCS'!$B11:$N33,1,6) -> 13398 | H28: =INDEX('[1]1,8-PH_GCS'!$B11:$N33,1,4) -> 13398 | I28: =INDEX('[1]1,8-PH_GCS'!$B11:$N33,1,7) -> 27790994 | J28: =INDEX('[1]1,8-PH_GCS'!$B11:$N33,1,8) -> 2223280 | K28: =INDEX('[1]1,8-PH_GCS'!$B11:$N33,1,9) -> 30014274 | L28: =INDEX('[1]1,8-PH_GCS'!$B11:$N33,1,10) -> 0 | M28: =INDEX('[1]1,8-PH_GCS'!$B11:$N33,1,11) -> 0 | N28: =INDEX('[1]1,8-PH_GCS'!$B11:$N33,1,12) -> 0 | O28: =INDEX('[1]1,8-PH_GCS'!$B11:$N33,1,13) -> 30014274 | P28: TRONGTHANG
A29: 11 | B29: =INDEX('[1]1,8-PH_GCS'!C12:C34,1,1) -> 31/05/2026 | C29: =INDEX('[1]1,8-PH_GCS'!$B12:$N34,1,1) -> 43 | D29: =INDEX('[1]1,8-PH_GCS'!$B12:$N34,1,3) -> 92 | E29: 46173 | F29: =INDEX('[1]1,8-PH_GCS'!$B12:$N34,1,5) -> 24701 | G29: =INDEX('[1]1,8-PH_GCS'!$B12:$N34,1,6) -> 68320 | H29: =INDEX('[1]1,8-PH_GCS'!$B12:$N34,1,4) -> 93021 | I29: =INDEX('[1]1,8-PH_GCS'!$B12:$N34,1,7) -> 254454350 | J29: =INDEX('[1]1,8-PH_GCS'!$B12:$N34,1,8) -> 20356347 | K29: =INDEX('[1]1,8-PH_GCS'!$B12:$N34,1,9) -> 274810697 | L29: =INDEX('[1]1,8-PH_GCS'!$B12:$N34,1,10) -> 0 | M29: =INDEX('[1]1,8-PH_GCS'!$B12:$N34,1,11) -> 0 | N29: =INDEX('[1]1,8-PH_GCS'!$B12:$N34,1,12) -> 0 | O29: =INDEX('[1]1,8-PH_GCS'!$B12:$N34,1,13) -> 274810697 | P29: TRONGTHANG
A30: Tổng số: | C30: =SUM(C28:C29) -> 45 | D30: =SUM(D28:D29) -> 107 | E30: =SUM(E28:E29) -> 92326 | F30: =SUM(F28:F29) -> 24701 | G30: =SUM(G28:G29) -> 81718 | H30: =SUM(H28:H29) -> 106419 | I30: =SUM(I28:I29) -> 282245344 | J30: =SUM(J28:J29) -> 22579627 | ... O30: =SUM(O28:O29) -> 304824971
A31: Tổng số: | C31: =C13+C17+C23+C26+C30 -> 2205 | D31: =D13+D17+D23+D26+D30 -> 238602 | F31: =F13+F17+F23+F26+F30 -> 95863182 | G31: =G13+G17+G23+G26+G30 -> 579268976 | H31: =H13+H17+H23+H26+H30 -> 675132158 | I31: =I13+I17+I23+I26+I30 -> 1420763729435 | J31: =J13+J17+J23+J26+J30 -> 113640782757 | K31: =K13+K17+K23+K26+K30 -> 1534404512192 | L31: =L13+L17+L23+L26+L30 -> 762611631 | M31: =M13+M17+M23+M26+M30 -> 61008928 | ... O31: =O13+O17+O23+O26+O30 -> 1535228132751
H33: TIENDIEN | I33: THUE DIEN | J33: TONG | K33: CSPK | L33: THUE CSPK | M33: TONG CSPK
G35: TRONGTHANG | H35: =SUMIF($P:$P,G35,$I:$I) -> 655025271677 | I35: =SUMIF($P:$P,G35,$J:$J) -> 52389375828 | J35: =SUMIF($P:$P,G35,$K:$K) -> 707414647505 | K35: =SUMIF($P:$P,G35,$L:$L) -> 166049636 | L35: =SUMIF($P:$P,G35,$M:$M) -> 13283972 | M35: =SUMIF($P:$P,G35,$N:$N) -> 179333608 | N35: =SUMIF($P:$P,G35,$O:$O) -> 707593981113
G36: CUOITHANG | H36: =SUMIF($P:$P,G36,$I:$I) -> 765738457758 | I36: =SUMIF($P:$P,G36,$J:$J) -> 61251406929 | J36: =SUMIF($P:$P,G36,$K:$K) -> 826989864687 | K36: =SUMIF($P:$P,G36,$L:$L) -> 596561995 | L36: =SUMIF($P:$P,G36,$M:$M) -> 47724956 | M36: =SUMIF($P:$P,G36,$N:$N) -> 644286951 | N36: =SUMIF($P:$P,G36,$O:$O) -> 827634151638
H37: =SUM(H35:H36) -> 1420763729435 | I37: =SUM(I35:I36) -> 113640782757 | J37: =SUM(J35:J36) -> 1534404512192 | K37: =SUM(K35:K36) -> 762611631 | L37: =SUM(L35:L36) -> 61008928 | M37: =SUM(M35:M36) -> 823620559 | N37: =SUM(N35:N36) -> 1535228132751
H38: =H37-D56-D58 -> 0 | I38: =I37-E56 -> 0 | J38: =J37-F56-F58 -> 0 | K38: =K37-D57 -> 0 | L38: =L37-E57 -> 0 | M38: =M37-F57 -> 0 | N38: =N37-F60 -> 0
E39: Trong đó | F39: TRONGTHANG
G40: DIEN01 | H40: =H35-H41 -> 654867197777 | I40: =I35-I41 -> 52389375828 | J40: =J35-J41 -> 707256573605 | L40: =K35-L41 -> 166049636 | M40: =L35 -> 13283972 | N40: =L40+M40 -> 179333608 | O40: CSPK02
G41: DIEN00 | H41: ='Nhom TC'!O1 -> 158073900 | I41: 0 | J41: =H41+I41 -> 158073900 | M41: 0 | N41: =L41+M41 -> 0 | O41: CSPK00
H42: =SUM(H40:H41) -> 655025271677 | I42: =SUM(I40:I41) -> 52389375828 | J42: =SUM(J40:J41) -> 707414647505 | L42: =SUM(L40:L41) -> 166049636 | M42: =SUM(M40:M41) -> 13283972 | N42: =L42+M42 -> 179333608
H43: =H35-H42 -> 0 | I43: =I35-I42 -> 0 | J43: =J35-J42 -> 0
G44: CSPK02 | K44: =K35 -> 166049636 | L44: =L35 -> 13283972 | M44: =M35 -> 179333608 | N44: =N35 -> 707593981113
H45: =+H42+H44-H35 -> 0 | I45: =+I42+I44-I35 -> 0 | J45: =+J42+J44-J35 -> 0 | K45: =+K42+K44-K35 -> 0 | L45: =+L42+L44-L35 -> 166049636 | M45: =+M42+M44-M35 -> 13283972 | N45: =+N42+N44-N35 -> 179333608
F46: CUOITHANG
G47: DIEN01 | H47: =H36-H48 -> 765642586406 | I47: =I36 -> 61251406929 | J47: =J36-J48 -> 826893993335
G48: DIEN00 | H48: ='Nhom TC'!O2 -> 95871352 | I48: 0 | J48: =H48+I48 -> 95871352
H49: =SUM(H47:H48) -> 765738457758 | I49: =SUM(I47:I48) -> 61251406929 | J49: =SUM(J47:J48) -> 826989864687
G50: CSPK02 | K50: =K36 -> 596561995 | L50: =L36 -> 47724956 | M50: =M36 -> 644286951 | N50: =N36 -> 827634151638
I51: =I36-I49 -> 0 | J51: =J36-J49 -> 0
H52: =+H49+H50-H36 -> 0 | I52: =+I49+I50-I36 -> 0 | J52: =+J49+J50-J36 -> 0 | K52: =+K49+K50-K36 -> 0 | L52: =+L49+L50-L36 -> 0 | M52: =+M49+M50-M36 -> 0 | N52: =+N49+N50-N36 -> 0
H53: =H42+H49 -> 1420763729435 | I53: =I42+I49 -> 113640782757 | J53: =J42+J49 -> 1534404512192 | K53: =+K44+K50 -> 762611631 | L53: =+L44+L50 -> 61008928 | M53: =+M44+M50 -> 823620559 | N53: =+N44+N50 -> 1535228132751
A54: Biểu 4A | H54: =+H37-H53 -> 0 | I54: =+I37-I53 -> 0 | J54: =+J37-J53 -> 0 | K54: =+K37-K53 -> 0 | L54: =+L37-L53 -> 0 | M54: =+M37-M53 -> 0 | N54: =+N37-N53 -> 0
D55: trước thuế | E55: thuế | F55: sau thuế
A56: Điện | B56: DIEN01 | D56: ='4A'!D13 -> 1420509784183 | E56: ='4A'!E13 -> 113640782757 | F56: ='4A'!F13 -> 1534150566940
A57: CSPK | B57: CSPK02 | D57: ='4A'!D9 -> 762611631 | E57: ='4A'!E9 -> 61008928 | F57: ='4A'!F9 -> 823620559 | J57: ='4A'!F13 -> 1534150566940
A58: Điện | B58: DIEN00 | D58: ='4A'!D12 -> 253945252 | E58: 0 | F58: ='4A'!F12 -> 253945252 | J58: =J57-J37 -> -253945252
B59: CSPK00 | D59: 25367337
D60: =SUM(D56:D59) -> 1421551708403 | F60: =SUM(F56:F58) -> 1535228132751
H61: dò biểu 33895 | I61: =I47+L36 -> 61299131885
I62: ='33895'!G37 -> 61299131885
I63: =I61-I62 -> 0
M66: 100833864242

Sheet 0903
A1: HCMC - Công ty Điện lực Vũng Tàu | W1: CSPK00 | X1: =SUMIF($V:$V,$W1,$O:$O) -> 0
W2: DIEN00 | X2: =SUMIF($V:$V,$W2,$O:$O) -> 253945252
A3: Báo cáo liệt kê giao dịch phát sinh theo tài khoản | W3: DIEN01 | X3: =SUMIF($V:$V,$W3,$O:$O) -> 1420509784183
A4: Từ ngày 01/05/2026 đến ngày 31/05/2026 | W4: CSPK02 | X4: =SUMIF($V:$V,$W4,$O:$O) -> 762611631
W5: 1388DD | X5: =SUMIF($V:$V,$W5,$O:$O) -> 0 | Y5: vật tư điều động
A6: Nguồn phát sinh | B6: Số giao dịch | C6: Ngày giao dịch | D6: Chi nhánh | E6: Trung tâm chi phí | F6: Tài khoản | G6: Loại hình | H6: Sản phẩm | I6: Yếu tố | J6: Đơn vị nội bộ | K6: Dự phòng đơn vị | L6: Dự phòng EVN | M6: Loại tiền | N6: Nợ nguyên tệ | O6: Có nguyên tệ | P6: Nợ quy đổi | Q6: Có quy đổi | R6: Nội dung | S6: Trạng thái hạch toán | T6: Người tạo | U6: Người cập nhật | W6: 5118QT | X6: =SUMIF($V:$V,$W6,$O:$O) -> 0 | Y6: quà tặng
A7: AR_TRANSACTIONS | B7: 1632 | C7: 46168 | D7: 000000 | E7: 000 | F7: 51140000000 | G7: 4500 | H7: 0000 | I7: 000 | J7: 000000 | K7: 0000 | L7: 0000 | M7: VND | O7: 57336523 | Q7: 57336523 | R7: 4500TT - Doanh thu cho thuê cột điện treo cáp viễn thông từ 01/05/26 đến 31/05/26 - HĐ 43/26.05.26 | S7: D | T7: CHAULTN.HCM.VTA | U7: CHAULTN.HCM.VTA | V7: =LEFT(R7,6) -> 4500TT | W7: 4500TT | X7: =SUMIF($V:$V,$W7,$O:$O) -> 253573360 | Y7: dường dây thông tin
A8: AR_TRANSACTIONS | B8: 1624 | C8: 46158 | D8: 000000 | E8: 000 | F8: 51113000000 | G8: 1310 | H8: 0000 | I8: 000 | J8: 000000 | K8: 0000 | L8: 0000 | M8: VND | O8: 34333124 | Q8: 34333124 | R8: CSPK02-DOANH THU HÓA ĐƠN TIỀN VÔ CÔNG PHÁT SINH TỪ NGÀY 16/05/2026 ĐẾN 16/05/2026 | S8: D | T8: QUYENNN.HCM.VTA | U8: QUYENNN.HCM.VTA | V8: =LEFT(R8,6) -> CSPK02 | X8: =SUM(X2:X7) -> 1421779914426
A9: AR_TRANSACTIONS | B9: 1625 | C9: 46163 | D9: 000000 | E9: 000 | F9: 51111000000 | G9: 1310 | H9: 0000 | I9: 000 | J9: 000000 | K9: 0000 | L9: 0000 | M9: VND | O9: 322639770751 | Q9: 322639770751 | R9: DIEN01-DOANH THU HÓA ĐƠN TIỀN ĐIỆN PHÁT SINH TỪ NGÀY 21/05/2026 ĐẾN 21/05/2026 | S9: D | T9: QUYENNN.HCM.VTA | U9: QUYENNN.HCM.VTA | V9: =LEFT(R9,6) -> DIEN01
A10: AR_TRANSACTIONS | B10: 1626 | C10: 46163 | D10: 000000 | E10: 000 | F10: 51113000000 | G10: 1310 | H10: 0000 | I10: 000 | J10: 000000 | K10: 0000 | L10: 0000 | M10: VND | O10: 68682060 | Q10: 68682060 | R10: CSPK02-DOANH THU HÓA ĐƠN TIỀN VÔ CÔNG PHÁT SINH TỪ NGÀY 21/05/2026 ĐẾN 21/05/2026 | S10: D | T10: QUYENNN.HCM.VTA | U10: QUYENNN.HCM.VTA | V10: =LEFT(R10,6) -> CSPK02
A11: AR_TRANSACTIONS | B11: 1627 | C11: 46163 | D11: 000000 | E11: 000 | F11: 51111000000 | G11: 1310 | H11: 0000 | I11: 000 | J11: 000000 | K11: 0000 | L11: 0000 | M11: VND | O11: 84629200 | Q11: 84629200 | R11: DIEN00-DOANH THU HÓA ĐƠN TIỀN ĐIỆN PHÁT SINH-CT TNHH NHÔM TOÀN CẦU VIỆT NAM KỲ 2/5/2026 | S11: D | T11: QUYENNN.HCM.VTA | U11: QUYENNN.HCM.VTA | V11: =LEFT(R11,6) -> DIEN00
A12: AR_TRANSACTIONS | B12: 1646 | C12: 46168 | D12: 000000 | E12: 000 | F12: 51140000000 | G12: 4500 | H12: 0000 | I12: 000 | J12: 000000 | K12: 0000 | L12: 0000 | M12: VND | O12: 150296766 | Q12: 150296766 | R12: 4500TT - Doanh thu cho thuê cột điện treo cáp viễn thông tháng 05/2026 - HĐ 45 ngày 26/05/2026 | S12: D | T12: CHAULTN.HCM.VTA | U12: CHAULTN.HCM.VTA | V12: =LEFT(R12,6) -> 4500TT
A13: AR_TRANSACTIONS | B13: 1615 | C13: 46153 | D13: 000000 | E13: 000 | F13: 51111000000 | G13: 1310 | H13: 0000 | I13: 000 | J13: 000000 | K13: 0000 | L13: 0000 | M13: VND | O13: 318504337257 | Q13: 318504337257 | R13: DIEN01-DOANH THU HÓA ĐƠN TIỀN ĐIỆN PHÁT SINH TỪ NGÀY 11/05/2026 ĐẾN 11/05/2026 | S13: D | T13: QUYENNN.HCM.VTA | U13: QUYENNN.HCM.VTA | V13: =LEFT(R13,6) -> DIEN01
A14: AR_TRANSACTIONS | B14: 1616 | C14: 46153 | D14: 000000 | E14: 000 | F14: 51111000000 | G14: 1310 | H14: 0000 | I14: 000 | J14: 000000 | K14: 0000 | L14: 0000 | M14: VND | O14: 73444700 | Q14: 73444700 | R14: DIEN00-DOANH THU HÓA ĐƠN TIỀN ĐIỆN PHÁT SINH-CT TNHH NHÔM TOÀN CẦU VIỆT NAM KỲ 1/5/2026 | S14: D | T14: QUYENNN.HCM.VTA | U14: QUYENNN.HCM.VTA | V14: =LEFT(R14,6) -> DIEN00
A15: AR_TRANSACTIONS | B15: 1617 | C15: 46153 | D15: 000000 | E15: 000 | F15: 51113000000 | G15: 1310 | H15: 0000 | I15: 000 | J15: 000000 | K15: 0000 | L15: 0000 | M15: VND | O15: 63034452 | Q15: 63034452 | R15: CSPK02-DOANH THU HÓA ĐƠN TIỀN VÔ CÔNG PHÁT SINH TỪ NGÀY 11/05/2026 ĐẾN 11/05/2026 | S15: D | T15: QUYENNN.HCM.VTA | U15: QUYENNN.HCM.VTA | V15: =LEFT(R15,6) -> CSPK02
A16: AR_TRANSACTIONS | B16: 1618 | C16: 46158 | D16: 000000 | E16: 000 | F16: 51111000000 | G16: 1310 | H16: 0000 | I16: 000 | J16: 000000 | K16: 0000 | L16: 0000 | M16: VND | O16: 13249288139 | Q16: 13249288139 | R16: DIEN01-DOANH THU HÓA ĐƠN TIỀN ĐIỆN PHÁT SINH TỪ NGÀY 16/05/2026 ĐẾN 16/05/2026 | S16: D | T16: QUYENNN.HCM.VTA | U16: QUYENNN.HCM.VTA | V16: =LEFT(R16,6) -> DIEN01
A17: AR_TRANSACTIONS | B17: 1647 | C17: 46173 | D17: 000000 | E17: 000 | F17: 51111000000 | G17: 1310 | H17: 0000 | I17: 000 | J17: 000000 | K17: 0000 | L17: 0000 | M17: VND | O17: 765642586406 | Q17: 765642586406 | R17: DIEN01-DOANH THU HÓA ĐƠN TIỀN ĐIỆN PHÁT SINH T05/2026 | S17: D | T17: QUYENNN.HCM.VTA | U17: QUYENNN.HCM.VTA | V17: =LEFT(R17,6) -> DIEN01
A18: AR_TRANSACTIONS | B18: 1648 | C18: 46173 | D18: 000000 | E18: 000 | F18: 51111000000 | G18: 1310 | H18: 0000 | I18: 000 | J18: 000000 | K18: 0000 | L18: 0000 | M18: VND | O18: 95871352 | Q18: 95871352 | R18: DIEN00-DOANH THU HÓA ĐƠN TIỀN ĐIỆN PHÁT SINH-CT TNHH NHÔM TOÀN CẦU VIỆT NAM KỲ 3/5/2026 | S18: D | T18: QUYENNN.HCM.VTA | U18: QUYENNN.HCM.VTA | V18: =LEFT(R18,6) -> DIEN00
A19: AR_TRANSACTIONS | B19: 1649 | C19: 46173 | D19: 000000 | E19: 000 | F19: 51113000000 | G19: 1310 | H19: 0000 | I19: 000 | J19: 000000 | K19: 0000 | L19: 0000 | M19: VND | O19: 596561995 | Q19: 596561995 | R19: CSPK02-DOANH THU HÓA ĐƠN TIỀN VÔ CÔNG PHÁT SINH T05/2026 | S19: D | T19: QUYENNN.HCM.VTA | U19: QUYENNN.HCM.VTA | V19: =LEFT(R19,6) -> CSPK02
A20: AR_TRANSACTIONS | B20: 1633 | C20: 46168 | D20: 000000 | E20: 000 | F20: 51140000000 | G20: 4500 | H20: 0000 | I20: 000 | J20: 000000 | K20: 0000 | L20: 0000 | M20: VND | O20: 45940071 | Q20: 45940071 | R20: 4500TT - Doanh thu cho thuê cột điện treo cáp viễn thông (VTVCAB) tháng 05/2026 - HĐ 44 ngày 26/05/2026 | S20: D | T20: CHAULTN.HCM.VTA | U20: CHAULTN.HCM.VTA | V20: =LEFT(R20,6) -> 4500TT
... A24: AR_TRANSACTIONS | B24: 1662 | C24: 46173 | D24: 000000 | E24: 000 | F24: 51111000000 | G24: 1310 | H24: 0000 | I24: 000 | J24: 000000 | K24: 0000 | L24: 0000 | M24: VND | O24: -37491358 | Q24: -37491358 | R24: DIEN01-DOANH THU HÓA ĐƠN TIỀN ĐIỆN THOÁI HOÀN T05/2026 | S24: D | T24: QUYENNN.HCM.VTA | U24: QUYENNN.HCM.VTA | V24: =LEFT(R24,6) -> DIEN01
A25: Tổng cộng | O25: 1421779914426 | Q25: 1421779914426 | V25: =LEFT(R25,6)
V26: =LEFT(R26,6)
V27: =LEFT(R27,6)
V28: =LEFT(R28,6)
V29: =LEFT(R29,6)
V30: =LEFT(R30,6)
V31: =LEFT(R31,6)
V32: =LEFT(R32,6)
V34: =LEFT(R34,6)
V35: =LEFT(R35,6)
V36: =LEFT(R36,6)
V37: =LEFT(R37,6)
V38: =LEFT(R38,6)
... V57: =LEFT(R57,6)

Sheet 3A

Sheet 4A
A1: MADONVI | B1: TENDONVI | C1: TONGDTP | D1: TIENDIEN | E1: TIENCSPK | F1: THUE_TD | G1: THUE_CSPK | H1: TONGDTPKH | I1: TIENDIENKH | J1: GIABQKH
A2: PE1800 | B2: Công ty Điện lực Vũng Tàu | C2: 675132158 | D2: 1420763729435 | E2: 762611631 | F2: 113640782757 | G2: 61008928 | H2: 0 | I2: 0 | J2: 0
D3: 1420763729435 | E3: 762611631 | F3: 113640782757 | G3: 61008928 | H3: =VALUE(H2) -> 0 | I3: =VALUE(I2) -> 0 | J3: =VALUE(J2) -> 0
D7: trước thuế | E7: thuế | F7: sau thuế
A8: Điện | B8: DIEN01 | D8: =D3 -> 1420763729435 | E8: =F3 -> 113640782757 | F8: =+D8+E8 -> 1534404512192 | G8: =D8*8% -> 1.136611e+11 | H8: =E8-G8 -> -20315598
A9: CSPK | B9: CSPK02 | D9: =E3 -> 762611631 | E9: =G3 -> 61008928 | F9: =+D9+E9 -> 823620559 | G9: =D9*8% -> 61008930 | H9: =E9-G9 -> -2.48
D10: =SUM(D8:D9) -> 1421526341066 | E10: =SUM(E8:E9) -> 113701791685 | F10: =SUM(F8:F9) -> 1535228132751
A12: Trong DIEN01 có | B12: DIEN00 | D12: ='Nhom TC'!O4 -> 253945252 | E12: 0 | F12: =D12+E12 -> 253945252
B13: DIEN01 | D13: =D8-D12 -> 1420509784183 | E13: =E8-E12 -> 113640782757 | F13: =F8-F12 -> 1534150566940 | G13: =D13*8% -> 1.1364078e+11 | H13: =E13-G13 -> 22.360001
A16: Trong DIEN01 có | B16: CSPK02 | D16: =E2-D17 -> 762611631
B17: CSPK00 | D17: ='Nhom TC'!O5 -> 0
A20: GL_0903 | B20: DIEN01 | D20: ='0903'!X3 -> 1420509784183 | E20: =D13-D20 -> 0
B21: CSPK02 | D21: ='0903'!X2 -> 253945252 | E21: =D12-D21 -> 0
B22: CSPK00 | D22: ='0903'!X1 -> 0 | E22: =D17-D22 -> 0

Sheet TA35
X1: 333111 | Z1: 333113 | AB1: 333114
J2: Mẫu số : 01-1/GTGT | V2: DIEN00 | W2: =SUMIFS($H:$H,$T:$T,$V2) -> 239893600 | X2: =SUMIFS($J:$J,$T:$T,$V2) -> 0
J3: (Ban hành kèm theo thông tư | V3: DIEN01 | W3: =SUMIFS($H:$H,$T:$T,$V3) -> 1356716633174 | X3: =SUMIFS($J:$J,$T:$T,$V3) -> 108537330869
J4: số 119/2014/TT-BTC ngày | V4: CSPK02 | W4: =SUMIFS($H:$H,$T:$T,$V4) -> 641477615 | X4: =SUMIFS($J:$J,$T:$T,$V4) -> 51318199
J5: 25/08/2014 của Bộ tài chính) | V5: CSPK00 | W5: =SUMIFS($H:$H,$T:$T,$V5) -> 0 | X5: =SUMIFS($J:$J,$T:$T,$V5) -> 0
V6: 1388ĐĐ | W6: =SUMIFS($H:$H,$T:$T,$V6) -> 4451010687 | X6: =SUMIFS($J:$J,$T:$T,$V6) -> 356080855 | Y6: =SUMIFS($H:$H,$T:$T,$V6) -> 4451010687 | Z6: =SUMIFS($J:$J,$T:$T,$V6) -> 356080855 | AC6: vật tư điều động
A7: BẢNG KÊ HÓA ĐƠN, CHỨNG TỪ HÀNG HÓA, DỊCH VỤ BÁN RA(Kiểm soát số liệu) | V7: 5118QT | W7: =SUMIFS($H:$H,$T:$T,$V7) -> 0 | X7: =SUMIFS($J:$J,$T:$T,$V7) -> 0 | Y7: =SUMIFS($H:$H,$T:$T,$V7) -> 0 | Z7: =SUMIFS($J:$J,$T:$T,$V7) -> 0 | AC7: quà tặng
A8: Kèm theo tờ kê khai thuế GTGT theo mẫu số 01/GTGT | V8: 4500TT | W8: =SUMIFS($H:$H,$T:$T,$V8) -> 253573360 | X8: =SUMIFS($J:$J,$T:$T,$V8) -> 20285870 | AA8: =SUMIFS($H:$H,$T:$T,$V8) -> 253573360 | AB8: =SUMIFS($J:$J,$T:$T,$V8) -> 20285870 | AC8: dường dây thông tin
A9: Từ ngày 01/05/2026 đến ngày 31/05/2026 | W9: =SUM(W2:W8) -> 1362302588436 | X9: =SUM(X2:X8) -> 108965015793 | Y9: =SUM(Y2:Y8) -> 4451010687 | Z9: =SUM(Z2:Z8) -> 356080855 | AA9: =SUM(AA2:AA8) -> 253573360 | AB9: =SUM(AB2:AB8) -> 20285870
A11: Người nộp thuế : CHI NHÁNH TỔNG CÔNG TY ĐIỆN LỰC THÀNH PHỐ HỒ CHÍ MINH TNHH - CÔNG TY ĐIỆN LỰC VŨNG TÀU | U11: trước thuế | V11: =SUM(W11:AB11) -> 1367007172483 | W11: =W9 -> 1362302588436 | Y11: =Y9 -> 4451010687 | AA11: =AA9 -> 253573360
A12: Mã số thuế : 0300951119-010 | U12: thuế | V12: =SUM(W12:AB12) -> 109341382518 | X12: =X9 -> 108965015793 | Z12: =Z9 -> 356080855 | AB12: =AB9 -> 20285870
A13: Mã số thuế : 0300951119-010 | V13: =SUM(V11:V12) -> 1476348555001
A14: STT | B14: Hóa đơn, chứng từ bán | E14: Tên người mua | F14: Mã số thuế người mua | G14: Mặt hàng | H14: Doanh số bán chưa có thuế | I14: Thuế suất | J14: Thuế GTGT | K14: Ghi chú | L14: Nguồn chứng từ | M14: Số chứng từ | N14: Ngày lập chứng từ | O14: Thời hạn thanh toán trả chậm | P14: Số tiền đã thanh toán | Q14: Loại hình kinh doanh | R14: Người lập chứng từ | S14: Trạng thái
B15: Ký hiệu hóa đơn | C15: Số hóa đơn | D15: Ngày, tháng, năm phát hành | U15: Kiểm dò MST | V15: Thuế suất
A16: 1 | B16: 2 | C16: 3 | D16: 4 | E16: 5 | F16: 6 | G16: 7 | H16: 8 | I16: 9 | J16: 10 | K16: 11 | L16: 12 | M16: 13 | N16: 14 | O16: 15 | P16: 16 | Q16: 17 | R16: 18 | S16: 19 | W16: =W9-H51 -> 0
A17: 1.Hàng hóa, dịch vụ không chịu thuế GTGT | V17: 9
A18: 1 | C18: ' | F18: '
A19: Tổng cộng | T19: =LEFT(K19,6) | Y19: 5
A20: 2.Hàng hóa, dịch vụ chịu thuế suất thuế GTGT 0% | T20: =LEFT(K20,6) | Y20: 8
A21: 1 | C21: ' | E21: DIEN00-DOANH THU HÓA ĐƠN TIỀN ĐIỆN PHÁT SINH-CT TNHH NHÔM TOÀN CẦU VIỆT NAM KỲ 3/4/2026 | F21: ' | G21: DIEN00 | H21: 81819700 | I21: 0 | J21: 0 | L21: GL | M21: 1356 | N21: 46163 | O21: 46163 | P21: 81819700 | Q21: Không xác định | R21: QUYENNN.HCM.VTA | S21: Not Reversed | T21: =LEFT(G21,6) -> DIEN00 | U21: =LEN(F21) -> 1 | Y21: 10
A22: 2 | C22: ' | D22: 46153 | E22: DIEN00-DOANH THU HÓA ĐƠN TIỀN ĐIỆN PHÁT SINH | F22: 'KHDIENKINHDOANH | G22: DIEN00 | H22: 73444700 | I22: 0 | J22: 0 | K22: DIEN00-DOANH THU HÓA ĐƠN TIỀN ĐIỆN PHÁT SINH-CT TNHH NHÔM TOÀN CẦU VIỆT NAM KỲ 1/5/2026 | L22: AR_TRANS | M22: 1616 | N22: 46153 | O22: 46153 | Q22: Không xác định | R22: QUYENNN.HCM.VTA | S22: Complete | T22: =LEFT(G22,6) -> DIEN00 | U22: =LEN(F22) -> 16 | V22: 0
A23: 3 | C23: ' | D23: 46163 | E23: DIEN00-DOANH THU HÓA ĐƠN TIỀN ĐIỆN PHÁT SINH | F23: 'KHDIENKINHDOANH | G23: DIEN00 | H23: 84629200 | I23: 0 | J23: 0 | K23: DIEN00-DOANH THU HÓA ĐƠN TIỀN ĐIỆN PHÁT SINH-CT TNHH NHÔM TOÀN CẦU VIỆT NAM KỲ 2/5/2026 | L23: AR_TRANS | M23: 1627 | N23: 46163 | O23: 46163 | Q23: Không xác định | R23: QUYENNN.HCM.VTA | S23: Complete | T23: =LEFT(G23,6) -> DIEN00 | U23: =LEN(F23) -> 16 | V23: 0
A24: Tổng cộng | H24: 239893600 | J24: 0 | P24: 81819700 | T24: =LEFT(G24,6) | U24: =LEN(F24) -> 0 | V24: 0
A25: 3.Hàng hóa, dịch vụ chịu thuế suất thuế GTGT 5% | T25: =LEFT(G25,6) | U25: =LEN(F25) -> 0
A26: 1 | C26: ' | F26: ' | T26: =LEFT(G26,6) | U26: =LEN(F26) -> 1
A27: Tổng cộng | T27: =LEFT(G27,6) | U27: =LEN(F27) -> 0
A28: 4.Hàng hóa, dịch vụ chịu thuế suất thuế GTGT 10% | T28: =LEFT(G28,6) | U28: =LEN(F28) -> 0
A29: 1 | B29: K26TAH | C29: '40 | D29: 46160 | E29: Chi nhánh Tổng Công ty Điện lực Thành phố Hồ Chí Minh TNHH - Công ty Điện lực Bến Cát | F29: '0300951119-007 | G29: 1388ĐĐ - Điều động VTTB cho PC Bến cát theo TB 2205 ngày 06/05/2026 - HĐ 40/18.05.2026 | H29: 1792931000 | I29: 8 | J29: 143434480 | K29: CK | L29: AR_TRANS | M29: 1605 | N29: 46160 | O29: 46160 | P29: 1936365480 | Q29: Không xác định | R29: CHAULTN.HCM.VTA | S29: Complete | T29: =LEFT(G29,6) -> 1388ĐĐ | U29: =LEN(F29) -> 15
A30: 2 | B30: K26TAH | C30: '41 | D30: 46161 | E30: Chi nhánh Tổng Công ty Điện lực Thành phố Hồ Chí Minh TNHH - Công ty Điện lực Thuận An | F30: '0300951119-002 | G30: 1388ĐĐ - Điều động VTTB cho PC Thuận An theo TB 2188 ngày 05/05/2026 - HĐ 41/19.05.2026 | H30: 2631095000 | I30: 8 | J30: 210487600 | K30: CK | L30: AR_TRANS | M30: 1606 | N30: 46161 | O30: 46161 | Q30: Không xác định | R30: CHAULTN.HCM.VTA | S30: Complete | T30: =LEFT(G30,6) -> 1388ĐĐ | U30: =LEN(F30) -> 15 | V30: 8
A31: 3 | B31: K26TAH | C31: '42 | D31: 46164 | E31: CHI NHÁNH TỔNG CÔNG TY ĐIỆN LỰC THÀNH PHỐ HỒ CHÍ MINH TNHH - CÔNG TY ĐIỆN LỰC ĐẤT ĐỎ | F31: '0300951119-020 | G31: 1388ĐĐ - Điều động VTTB CV 1365 ngày 18/05/2026 PC Đất Đỏ - HĐ 42 ngày 22/05/2026 | H31: 26984687 | I31: 8 | J31: 2158775 | K31: CK | L31: AR_TRANS | M31: 1631 | N31: 46164 | O31: 46164 | Q31: Không xác định | R31: CHAULTN.HCM.VTA | S31: Complete | T31: =LEFT(G31,6) -> 1388ĐĐ | U31: =LEN(F31) -> 15 | V31: 8
A32: 4 | B32: K26TAH | C32: '43 | D32: 46168 | E32: Chi nhánh Công ty Cổ phần Viễn thông FPT | F32: '0101778163-001 | G32: 4500TT - Doanh thu cho thuê cột điện treo cáp viễn thông từ 01/05/26 đến 31/05/26 - HĐ 43/26.05.26 | H32: 57336523 | I32: 8 | J32: 4586922 | K32: CK | L32: AR_TRANS | M32: 1632 | N32: 46168 | O32: 46168 | Q32: Không xác định | R32: CHAULTN.HCM.VTA | S32: Complete | T32: =LEFT(G32,6) -> 4500TT | U32: =LEN(F32) -> 15 | V32: 8
A33: 5 | B33: K26TAH | C33: '44 | D33: 46168 | E33: CHI NHÁNH CÔNG TY CỔ PHẦN TỔNG CÔNG TY TRUYỀN HÌNH CÁP VIỆT NAM TẠI TỈNH BÀ RỊA - VŨNG TÀU | F33: '0105926285-023 | G33: 4500TT - Doanh thu cho thuê cột điện treo cáp viễn thông (VTVCAB) tháng 05/2026 - HĐ 44 ngày 26/05/2026 | H33: 45940071 | I33: 8 | J33: 3675206 | K33: CK | L33: AR_TRANS | M33: 1633 | N33: 46168 | O33: 46168 | Q33: Không xác định | R33: CHAULTN.HCM.VTA | S33: Complete | T33: =LEFT(G33,6) -> 4500TT | U33: =LEN(F33) -> 15 | V33: 8
A34: 6 | B34: K26TAH | C34: '45 | D34: 46168 | E34: VNPT thành phố Hồ Chí Minh | F34: '0300954529 | G34: 4500TT - Doanh thu cho thuê cột điện treo cáp viễn thông tháng 05/2026 - HĐ 45 ngày 26/05/2026 | H34: 150296766 | I34: 8 | J34: 12023742 | K34: CK | L34: AR_TRANS | M34: 1646 | N34: 46168 | O34: 46168 | Q34: Không xác định | R34: CHAULTN.HCM.VTA | S34: Complete | T34: =LEFT(G34,6) -> 4500TT | U34: =LEN(F34) -> 11 | V34: 8
A35: 7 | C35: ' | E35: CSPK02-DOANH THU HÓA ĐƠN TIỀN VÔ CÔNG PHÁT SINH T04/2026 | F35: ' | G35: CSPK02 | H35: 475427979 | I35: 8 | J35: 38034227 | L35: GL | M35: 1356 | N35: 46163 | O35: 46163 | P35: 513462206 | Q35: Không xác định | R35: QUYENNN.HCM.VTA | S35: Not Reversed | T35: =LEFT(G35,6) -> CSPK02 | U35: =LEN(F35) -> 1 | V35: 8
A36: 8 | C36: ' | E36: DIEN01-DOANH THU HÓA ĐƠN TIỀN ĐIỆN PHÁT SINH T04/2026 | F36: ' | G36: DIEN01 | H36: 701849435397 | I36: 8 | J36: 56147955041 | L36: GL | M36: 1356 | N36: 46163 | O36: 46163 | P36: 757997390438 | Q36: Không xác định | R36: QUYENNN.HCM.VTA | S36: Not Reversed | T36: =LEFT(G36,6) -> DIEN01 | U36: =LEN(F36) -> 1 | V36: 8
A37: 9 | C37: ' | D37: 46153 | E37: DIEN01-DOANH THU HÓA ĐƠN TIỀN ĐIỆN PHÁT SINH | F37: 'KHDIENKINHDOANH | G37: DIEN01 | H37: 318504337257 | I37: 8 | J37: 25480346999 | K37: DIEN01-DOANH THU HÓA ĐƠN TIỀN ĐIỆN PHÁT SINH TỪ NGÀY 11/05/2026 ĐẾN 11/05/2026 | L37: AR_TRANS | M37: 1615 | N37: 46153 | O37: 46153 | P37: 276722640083 | Q37: Không xác định | R37: QUYENNN.HCM.VTA | S37: Complete | T37: =LEFT(G37,6) -> DIEN01 | U37: =LEN(F37) -> 16 | V37: 8
A38: 10 | C38: ' | D38: 46153 | E38: CSPK02-DOANH THU HÓA ĐƠN TIỀN VÔ CÔNG PHÁT SINH | F38: 'KHDIENVOCONG | G38: CSPK02 | H38: 63034452 | I38: 8 | J38: 5042756 | K38: CSPK02-DOANH THU HÓA ĐƠN TIỀN VÔ CÔNG PHÁT SINH TỪ NGÀY 11/05/2026 ĐẾN 11/05/2026 | L38: AR_TRANS | M38: 1617 | N38: 46153 | O38: 46153 | Q38: Không xác định | R38: QUYENNN.HCM.VTA | S38: Complete | T38: =LEFT(G38,6) -> CSPK02 | U38: =LEN(F38) -> 13 | V38: 10
A39: 11 | C39: ' | D39: 46158 | E39: DIEN01-DOANH THU HÓA ĐƠN TIỀN ĐIỆN PHÁT SINH | F39: 'KHDIENKINHDOANH | G39: DIEN01 | H39: 13249288139 | I39: 8 | J39: 1059943044 | K39: DIEN01-DOANH THU HÓA ĐƠN TIỀN ĐIỆN PHÁT SINH TỪ NGÀY 16/05/2026 ĐẾN 16/05/2026 | L39: AR_TRANS | M39: 1618 | N39: 46158 | O39: 46158 | Q39: Không xác định | R39: QUYENNN.HCM.VTA | S39: Complete | T39: =LEFT(G39,6) -> DIEN01 | U39: =LEN(F39) -> 16 | V39: 8
A40: 12 | C40: ' | D40: 46158 | E40: CSPK02-DOANH THU HÓA ĐƠN TIỀN VÔ CÔNG PHÁT SINH | F40: 'KHDIENVOCONG | G40: CSPK02 | H40: 34333124 | I40: 8 | J40: 2746651 | K40: CSPK02-DOANH THU HÓA ĐƠN TIỀN VÔ CÔNG PHÁT SINH TỪ NGÀY 16/05/2026 ĐẾN 16/05/2026 | L40: AR_TRANS | M40: 1624 | N40: 46158 | O40: 46158 | Q40: Không xác định | R40: QUYENNN.HCM.VTA | S40: Complete | T40: =LEFT(G40,6) -> CSPK02 | U40: =LEN(F40) -> 13 | V40: 10
A41: 13 | C41: ' | D41: 46163 | E41: DIEN01-DOANH THU HÓA ĐƠN TIỀN ĐIỆN PHÁT SINH | F41: 'KHDIENKINHDOANH | G41: DIEN01 | H41: 322639770751 | I41: 8 | J41: 25811181662 | K41: DIEN01-DOANH THU HÓA ĐƠN TIỀN ĐIỆN PHÁT SINH TỪ NGÀY 21/05/2026 ĐẾN 21/05/2026 | L41: AR_TRANS | M41: 1625 | N41: 46163 | O41: 46163 | P41: 5056387417 | Q41: Không xác định | R41: QUYENNN.HCM.VTA | S41: Complete | T41: =LEFT(G41,6) -> DIEN01 | U41: =LEN(F41) -> 16 | V41: 10
A42: 14 | C42: ' | D42: 46163 | E42: CSPK02-DOANH THU HÓA ĐƠN TIỀN VÔ CÔNG PHÁT SINH | F42: 'KHDIENVOCONG | G42: CSPK02 | H42: 68682060 | I42: 8 | J42: 5494565 | K42: CSPK02-DOANH THU HÓA ĐƠN TIỀN VÔ CÔNG PHÁT SINH TỪ NGÀY 21/05/2026 ĐẾN 21/05/2026 | L42: AR_TRANS | M42: 1626 | N42: 46163 | O42: 46163 | Q42: Không xác định | R42: QUYENNN.HCM.VTA | S42: Complete | T42: =LEFT(G42,6) -> CSPK02 | U42: =LEN(F42) -> 13 | V42: 8
A43: 15 | C43: ' | D43: 46173 | E43: DIEN01-DOANH THU HÓA ĐƠN TIỀN ĐIỆN HỦY BỎ | F43: 'KHDIENKINHDOANH | G43: DIEN01 | H43: -229956478 | I43: 8 | J43: -18396522 | K43: DIEN01-DOANH THU HÓA ĐƠN TIỀN ĐIỆN HỦY BỎ T05/2026 | L43: AR_TRANS | M43: 1639 | N43: 46173 | O43: 46173 | P43: -248353000 | Q43: Không xác định | R43: QUYENNN.HCM.VTA | S43: Complete | T43: =LEFT(G43,6) -> DIEN01 | U43: =LEN(F43) -> 16 | V43: 8
A44: 16 | C44: ' | D44: 46173 | E44: DIEN01-DOANH THU HÓA ĐƠN TIỀN ĐIỆN LẶP LẠI | F44: 'KHDIENKINHDOANH | G44: DIEN01 | H44: 459004122 | I44: 8 | J44: 36720327 | K44: DIEN01-DOANH THU HÓA ĐƠN TIỀN ĐIỆN LẶP LẠI T05/2026 | L44: AR_TRANS | M44: 1640 | N44: 46173 | O44: 46173 | Q44: Không xác định | R44: QUYENNN.HCM.VTA | S44: Complete | T44: =LEFT(G44,6) -> DIEN01 | U44: =LEN(F44) -> 16 | V44: 8
A45: 17 | C45: ' | D45: 46173 | E45: DIEN01-DOANH THU HÓA ĐƠN TIỀN ĐIỆN TRUY THU | F45: 'KHDIENKINHDOANH | G45: DIEN01 | H45: 282245344 | I45: 8 | J45: 22579627 | K45: DIEN01-DOANH THU HÓA ĐƠN TIỀN ĐIỆN TRUY THU T05/2026 | L45: AR_TRANS | M45: 1641 | N45: 46173 | O45: 46173 | Q45: Không xác định | R45: QUYENNN.HCM.VTA | S45: Complete | T45: =LEFT(G45,6) -> DIEN01 | U45: =LEN(F45) -> 16 | V45: 8
A46: 18 | C46: ' | D46: 46173 | E46: DIEN01-DOANH THU HÓA ĐƠN TIỀN ĐIỆN THOÁI HOÀN | F46: 'KHDIENKINHDOANH | G46: DIEN01 | H46: -37491358 | I46: 8 | J46: -2999309 | K46: DIEN01-DOANH THU HÓA ĐƠN TIỀN ĐIỆN THOÁI HOÀN T05/2026 | L46: AR_TRANS | M46: 1662 | N46: 46173 | O46: 46173 | P46: -40490667 | Q46: Không xác định | R46: QUYENNN.HCM.VTA | S46: Complete | T46: =LEFT(G46,6) -> DIEN01 | U46: =LEN(F46) -> 16 | V46: 8
A47: Tổng cộng | H47: 1362062694836 | J47: 108965015793 | P47: 1041937401957 | T47: =LEFT(G47,6)
A48: 5.Hàng hóa, dịch vụ không phải tổng hợp trên tờ khai 01/GTGT | T48: =LEFT(G48,6)
A49: 1 | C49: ' | F49: ' | T49: =LEFT(G49,6)
A50: Tổng cộng | T50: =LEFT(G50,6)
A51: Tổng cộng | H51: 1362302588436 | J51: 108965015793 | T51: =LEFT(G51,6)
A52: Tổng doanh thu dịch vụ hàng hóa bán ra : 1362302588436 | T52: =LEFT(G52,6)
A53: Tổng thuế GTGT của dịch vụ hàng hóa bán ra : 108965015793 | T53: =LEFT(G53,6)
T54: =LEFT(G54,6)
T55: =LEFT(G55,6)
J56: ….., ngày ….., tháng ….., năm …... | T56: =LEFT(G56,6)
J57: NGƯỜI NỘP THUẾ hoặc | T57: =LEFT(G57,6)
J58: ĐẠI DIỆN HỢP PHÁP CỦA NGƯỜI NỘP THUẾ | T58: =LEFT(G58,6)
J59: Ký tên, đóng dấu (Ghi rõ họ tên và chức vụ)

Sheet 333111
A1: TỔNG CÔNG TY ĐIỆN LỰC THÀNH PHỐ HỒ CHÍ MINH TNHH | J1: =E11 -> 1500000000 | M1: 333111 | N1: 333113 | O1: 333114
A2: CHI NHÁNH TỔNG CÔNG TY ĐIỆN LỰC THÀNH PHỐ HỒ CHÍ MINH TNHH - CÔNG TY ĐIỆN LỰC VŨNG TÀU | L2: DIEN01 | M2: =SUMIFS($F:$F,$K:$K,M$1,$J:$J,$L2,$I:$I,5) -> 52389375828 | N2: =SUMIFS($F:$F,$K:$K,N$1,$J:$J,$L2,$I:$I,5) -> 0 | O2: =SUMIFS($F:$F,$K:$K,O$1,$J:$J,$L2,$I:$I,5) -> 0
A3: SỔ CHI TIẾT THEO TÀI KHOẢN THUẾ | J3: =E33 -> 1500000000 | L3: CSPK02 | M3: =SUMIFS($F:$F,$K:$K,M$1,$J:$J,$L3,$I:$I,5) -> 13283972 | N3: =SUMIFS($F:$F,$K:$K,N$1,$J:$J,$L3,$I:$I,5) -> 0 | O3: =SUMIFS($F:$F,$K:$K,O$1,$J:$J,$L3,$I:$I,5) -> 0
A4: Tài khoản: 3331 - Thuế và các khoản phải nộp Nhà nước – Thuế giá trị gia tăng phải nộp | L4: 1388ĐĐ | M4: =SUMIFS($F:$F,$K:$K,M$1,$J:$J,$L4,$I:$I,5) -> 0 | N4: =SUMIFS($F:$F,$K:$K,N$1,$J:$J,$L4,$I:$I,5) -> 356080855 | O4: =SUMIFS($F:$F,$K:$K,O$1,$J:$J,$L4,$I:$I,5) -> 0 | Q4: vật tư điều động
A5: Loại hình: - | L5: 5118QT | M5: =SUMIFS($F:$F,$K:$K,M$1,$J:$J,$L5,$I:$I,5) -> 0 | N5: =SUMIFS($F:$F,$K:$K,N$1,$J:$J,$L5,$I:$I,5) -> 0 | O5: =SUMIFS($F:$F,$K:$K,O$1,$J:$J,$L5,$I:$I,5) -> 0 | Q5: quà tặng
A6: Từ ngày: 01/05/2026 đến ngày: 31/05/2026 | L6: 4500TT | M6: =SUMIFS($F:$F,$K:$K,M$1,$J:$J,$L6,$I:$I,5) -> 0 | N6: =SUMIFS($F:$F,$K:$K,N$1,$J:$J,$L6,$I:$I,5) -> 0 | O6: =SUMIFS($F:$F,$K:$K,O$1,$J:$J,$L6,$I:$I,5) -> 20285870 | Q6: dường dây thông tin
M7: =SUM(M2:M6) -> 52402659800 | N7: =SUM(N2:N6) -> 356080855 | O7: =SUM(O2:O6) -> 20285870 | P7: =SUM(P2:P6) -> 0
A9: CHỨNG TỪ | D9: DIỄN GIẢI | E9: PHÁT SINH NỢ | F9: PHÁT SINH CÓ | G9: Người hạch toán | H9: Trạng thái
A10: Ngày chứng từ | B10: Số chứng từ | C10: Nguồn chứng từ
A11: Tài khoản: 33311100000 | D11: Dư đầu kỳ | E11: 1500000000 | I11: =LEN(A11) -> 22 | K11: =IF(LEFT(A11,11)="Tài khoản: ",MID(A11,12,6),K10) -> 333111
A12: 46153 | B12: '1615 | C12: AR_TRANS | D12: DIEN01-DOANH THU HÓA ĐƠN TIỀN ĐIỆN PHÁT SINH TỪ NGÀY 11/05/2026 ĐẾN 11/05/2026 | F12: 25480346999 | G12: QUYENNN.HCM.VTA | H12: Final to Post | I12: =LEN(A12) -> 5 | J12: =LEFT(D12,6) -> DIEN01 | K12: =IF(LEFT(A12,11)="Tài khoản: ",MID(A12,12,6),K11) -> 333111
A13: 46153 | B13: '1617 | C13: AR_TRANS | D13: CSPK02-DOANH THU HÓA ĐƠN TIỀN VÔ CÔNG PHÁT SINH TỪ NGÀY 11/05/2026 ĐẾN 11/05/2026 | F13: 5042756 | G13: QUYENNN.HCM.VTA | H13: Final to Post | I13: =LEN(A13) -> 5 | J13: =LEFT(D13,6) -> CSPK02 | K13: =IF(LEFT(A13,11)="Tài khoản: ",MID(A13,12,6),K12) -> 333111
A14: 46158 | B14: '1618 | C14: AR_TRANS | D14: DIEN01-DOANH THU HÓA ĐƠN TIỀN ĐIỆN PHÁT SINH TỪ NGÀY 16/05/2026 ĐẾN 16/05/2026 | F14: 1059943044 | G14: QUYENNN.HCM.VTA | H14: Final to Post | I14: =LEN(A14) -> 5 | J14: =LEFT(D14,6) -> DIEN01 | K14: =IF(LEFT(A14,11)="Tài khoản: ",MID(A14,12,6),K13) -> 333111
A15: 46158 | B15: '1624 | C15: AR_TRANS | D15: CSPK02-DOANH THU HÓA ĐƠN TIỀN VÔ CÔNG PHÁT SINH TỪ NGÀY 16/05/2026 ĐẾN 16/05/2026 | F15: 2746651 | G15: QUYENNN.HCM.VTA | H15: Final to Post | I15: =LEN(A15) -> 5 | J15: =LEFT(D15,6) -> CSPK02 | K15: =IF(LEFT(A15,11)="Tài khoản: ",MID(A15,12,6),K14) -> 333111
A16: 46163 | B16: '1356 | C16: GL | D16: Giải trừ thuế GTGT đầu ra từ 33895 sang 333111-30/04/2026 AR1545 | F16: 56147955041 | G16: QUYENNN.HCM.VTA | H16: Post | I16: =LEN(A16) -> 5 | J16: =LEFT(D16,6) -> Giải t | K16: =IF(LEFT(A16,11)="Tài khoản: ",MID(A16,12,6),K15) -> 333111
A17: 46163 | B17: '1356 | C17: GL | D17: Giải trừ thuế GTGT đầu ra từ 33895 sang 333111-30/04/2026 AR1547 | F17: 38034227 | G17: QUYENNN.HCM.VTA | H17: Post | I17: =LEN(A17) -> 5 | J17: =LEFT(D17,6) -> Giải t | K17: =IF(LEFT(A17,11)="Tài khoản: ",MID(A17,12,6),K16) -> 333111
A18: 46163 | B18: '1625 | C18: AR_TRANS | D18: DIEN01-DOANH THU HÓA ĐƠN TIỀN ĐIỆN PHÁT SINH TỪ NGÀY 21/05/2026 ĐẾN 21/05/2026 | F18: 25811181662 | G18: QUYENNN.HCM.VTA | H18: Final to Post | I18: =LEN(A18) -> 5 | J18: =LEFT(D18,6) -> DIEN01 | K18: =IF(LEFT(A18,11)="Tài khoản: ",MID(A18,12,6),K17) -> 333111
A19: 46163 | B19: '1626 | C19: AR_TRANS | D19: CSPK02-DOANH THU HÓA ĐƠN TIỀN VÔ CÔNG PHÁT SINH TỪ NGÀY 21/05/2026 ĐẾN 21/05/2026 | F19: 5494565 | G19: QUYENNN.HCM.VTA | H19: Final to Post | I19: =LEN(A19) -> 5 | J19: =LEFT(D19,6) -> CSPK02 | K19: =IF(LEFT(A19,11)="Tài khoản: ",MID(A19,12,6),K18) -> 333111
A20: 46173 | B20: '1359 | C20: GL | D20: Kết chuyển TK 13313_9000 qua TK 333111 | E20: 598313 | G20: LINH3NTT.HCM.VTA | H20: Post | I20: =LEN(A20) -> 5 | J20: =LEFT(D20,6) -> Kết ch | K20: =IF(LEFT(A20,11)="Tài khoản: ",MID(A20,12,6),K19) -> 333111
A21: 46173 | B21: '1365 | C21: GL | D21: Kết chuyển TK13313_9000 qua TK 333111 | E21: 26248888 | G21: LINH3NTT.HCM.VTA | H21: Post | I21: =LEN(A21) -> 5 | J21: =LEFT(D21,6) -> Kết ch | K21: =IF(LEFT(A21,11)="Tài khoản: ",MID(A21,12,6),K20) -> 333111
A22: 46173 | B22: '1373 | C22: GL | D22: Kết chuyển GTGT tháng 5 | E22: 122327822 | G22: HIENNTK.HCM.VTA | H22: Post | I22: =LEN(A22) -> 5 | J22: =LEFT(D22,6) -> Kết ch | K22: =IF(LEFT(A22,11)="Tài khoản: ",MID(A22,12,6),K21) -> 333111
A23: 46173 | B23: '1488 | C23: GL | D23: Kết chuyển Thuế GTGT tháng 5/2026 | F23: 376366725 | G23: TUAN2HM.HCM.VTA | H23: Post | I23: =LEN(A23) -> 5 | J23: =LEFT(D23,6) -> Kết ch | K23: =IF(LEFT(A23,11)="Tài khoản: ",MID(A23,12,6),K22) -> 333111
A24: 46173 | B24: '1492 | C24: GL | D24: Kết chuyển thuế GTGT từ 1331 về 3331 tháng 05/2026 | E24: 108965015793 | G24: TUAN2HM.HCM.VTA | H24: Post | I24: =LEN(A24) -> 5 | J24: =LEFT(D24,6) -> Kết ch | K24: =IF(LEFT(A24,11)="Tài khoản: ",MID(A24,12,6),K23) -> 333111
A25: 46173 | B25: '1639 | C25: AR_TRANS | D25: DIEN01-DOANH THU HÓA ĐƠN TIỀN ĐIỆN HỦY BỎ T05/2026 | F25: -18396522 | G25: QUYENNN.HCM.VTA | H25: Final to Post | I25: =LEN(A25) -> 5 | J25: =LEFT(D25,6) -> DIEN01 | K25: =IF(LEFT(A25,11)="Tài khoản: ",MID(A25,12,6),K24) -> 333111
A26: 46173 | B26: '1640 | C26: AR_TRANS | D26: DIEN01-DOANH THU HÓA ĐƠN TIỀN ĐIỆN LẶP LẠI T05/2026 | F26: 36720327 | G26: QUYENNN.HCM.VTA | H26: Final to Post | I26: =LEN(A26) -> 5 | J26: =LEFT(D26,6) -> DIEN01 | K26: =IF(LEFT(A26,11)="Tài khoản: ",MID(A26,12,6),K25) -> 333111
A27: 46173 | B27: '1641 | C27: AR_TRANS | D27: DIEN01-DOANH THU HÓA ĐƠN TIỀN ĐIỆN TRUY THU T05/2026 | F27: 22579627 | G27: QUYENNN.HCM.VTA | H27: Final to Post | I27: =LEN(A27) -> 5 | J27: =LEFT(D27,6) -> DIEN01 | K27: =IF(LEFT(A27,11)="Tài khoản: ",MID(A27,12,6),K26) -> 333111
A28: 46173 | B28: '1655 | C28: GL | D28: Kết chuyển thuế GTGT CTĐTXD | E28: 218813875 | G28: HIENNTK.HCM.VTA | H28: Post | I28: =LEN(A28) -> 5 | J28: =LEFT(D28,6) -> Kết ch | K28: =IF(LEFT(A28,11)="Tài khoản: ",MID(A28,12,6),K27) -> 333111
A29: 46173 | B29: '1656 | C29: GL | D29: K/C Thuế GTGT VTTB ĐĐ ĐTXD T5/2026 | E29: 1417502240 | G29: TUAN2HM.HCM.VTA | H29: Unpost | I29: =LEN(A29) -> 5 | J29: =LEFT(D29,6) -> K/C Th | K29: =IF(LEFT(A29,11)="Tài khoản: ",MID(A29,12,6),K28) -> 333111
A30: 46173 | B30: '1657 | C30: GL | D30: Đ/c Kết chuyển thuế GTGT từ 1331 về 3331 tháng 05/2026 | E30: -1785491138 | G30: TUAN2HM.HCM.VTA | H30: Unpost | I30: =LEN(A30) -> 5 | J30: =LEFT(D30,6) -> Đ/c Kế | K30: =IF(LEFT(A30,11)="Tài khoản: ",MID(A30,12,6),K29) -> 333111
A31: 46173 | B31: '1662 | C31: AR_TRANS | D31: DIEN01-DOANH THU HÓA ĐƠN TIỀN ĐIỆN THOÁI HOÀN T05/2026 | F31: -2999309 | G31: QUYENNN.HCM.VTA | H31: Final to Post | I31: =LEN(A31) -> 5 | J31: =LEFT(D31,6) -> DIEN01 | K31: =IF(LEFT(A31,11)="Tài khoản: ",MID(A31,12,6),K30) -> 333111
D32: Cộng phát sinh | E32: 108965015793 | F32: 108965015793 | I32: =LEN(A32) -> 0 | J32: =LEFT(D32,6) -> Cộng p | K32: =IF(LEFT(A32,11)="Tài khoản: ",MID(A32,12,6),K31) -> 333111
D33: Dư cuối kỳ | E33: 1500000000 | I33: =LEN(A33) -> 0 | J33: =LEFT(D33,6) -> Dư cuố | K33: =IF(LEFT(A33,11)="Tài khoản: ",MID(A33,12,6),K32) -> 333111
A34: Tài khoản: 33311300000 | D34: Dư đầu kỳ | I34: =LEN(A34) -> 22 | J34: =LEFT(D34,6) -> Dư đầu | K34: =IF(LEFT(A34,11)="Tài khoản: ",MID(A34,12,6),K33) -> 333113
A35: 46160 | B35: '1605 | C35: AR_TRANS | D35: 1388ĐĐ - Điều động VTTB cho PC Bến cát theo TB 2205 ngày 06/05/2026 - HĐ 40/18.05.2026 | F35: 143434480 | G35: CHAULTN.HCM.VTA | H35: Final to Post | I35: =LEN(A35) -> 5 | J35: =LEFT(D35,6) -> 1388ĐĐ | K35: =IF(LEFT(A35,11)="Tài khoản: ",MID(A35,12,6),K34) -> 333113
A36: 46161 | B36: '1606 | C36: AR_TRANS | D36: 1388ĐĐ - Điều động VTTB cho PC Thuận An theo TB 2188 ngày 05/05/2026 - HĐ 41/19.05.2026 | F36: 210487600 | G36: CHAULTN.HCM.VTA | H36: Final to Post | I36: =LEN(A36) -> 5 | J36: =LEFT(D36,6) -> 1388ĐĐ | K36: =IF(LEFT(A36,11)="Tài khoản: ",MID(A36,12,6),K35) -> 333113
A37: 46164 | B37: '1631 | C37: AR_TRANS | D37: 1388ĐĐ - Điều động VTTB CV 1365 ngày 18/05/2026 PC Đất Đỏ - HĐ 42 ngày 22/05/2026 | F37: 2158775 | G37: CHAULTN.HCM.VTA | H37: Final to Post | I37: =LEN(A37) -> 5 | J37: =LEFT(D37,6) -> 1388ĐĐ | K37: =IF(LEFT(A37,11)="Tài khoản: ",MID(A37,12,6),K36) -> 333113
A38: 46173 | B38: '1488 | C38: GL | D38: Kết chuyển Thuế GTGT tháng 5/2026 | F38: -356080855 | G38: TUAN2HM.HCM.VTA | H38: Post | I38: =LEN(A38) -> 5 | J38: =LEFT(D38,6) -> Kết ch | K38: =IF(LEFT(A38,11)="Tài khoản: ",MID(A38,12,6),K37) -> 333113
D39: Cộng phát sinh | F39: 0 | I39: =LEN(A39) -> 0 | J39: =LEFT(D39,6) -> Cộng p | K39: =IF(LEFT(A39,11)="Tài khoản: ",MID(A39,12,6),K38) -> 333113
D40: Dư cuối kỳ | I40: =LEN(A40) -> 0 | J40: =LEFT(D40,6) -> Dư cuố | K40: =IF(LEFT(A40,11)="Tài khoản: ",MID(A40,12,6),K39) -> 333113
A41: Tài khoản: 33311400000 | D41: Dư đầu kỳ | I41: =LEN(A41) -> 22 | J41: =LEFT(D41,6) -> Dư đầu | K41: =IF(LEFT(A41,11)="Tài khoản: ",MID(A41,12,6),K40) -> 333114
A42: 46168 | B42: '1632 | C42: AR_TRANS | D42: 4500TT - Doanh thu cho thuê cột điện treo cáp viễn thông từ 01/05/26 đến 31/05/26 - HĐ 43/26.05.26 | F42: 4586922 | G42: CHAULTN.HCM.VTA | H42: Final to Post | I42: =LEN(A42) -> 5 | J42: =LEFT(D42,6) -> 4500TT | K42: =IF(LEFT(A42,11)="Tài khoản: ",MID(A42,12,6),K41) -> 333114
A43: 46168 | B43: '1633 | C43: AR_TRANS | D43: 4500TT - Doanh thu cho thuê cột điện treo cáp viễn thông (VTVCAB) tháng 05/2026 - HĐ 44 ngày 26/05/2026 | F43: 3675206 | G43: CHAULTN.HCM.VTA | H43: Final to Post | I43: =LEN(A43) -> 5 | J43: =LEFT(D43,6) -> 4500TT | K43: =IF(LEFT(A43,11)="Tài khoản: ",MID(A43,12,6),K42) -> 333114
A44: 46168 | B44: '1646 | C44: AR_TRANS | D44: 4500TT - Doanh thu cho thuê cột điện treo cáp viễn thông tháng 05/2026 - HĐ 45 ngày 26/05/2026 | F44: 12023742 | G44: CHAULTN.HCM.VTA | H44: Final to Post | I44: =LEN(A44) -> 5 | J44: =LEFT(D44,6) -> 4500TT | K44: =IF(LEFT(A44,11)="Tài khoản: ",MID(A44,12,6),K43) -> 333114
A45: 46173 | B45: '1488 | C45: GL | D45: Kết chuyển Thuế GTGT tháng 5/2026 | F45: -20285870 | G45: TUAN2HM.HCM.VTA | H45: Post | I45: =LEN(A45) -> 5 | J45: =LEFT(D45,6) -> Kết ch | K45: =IF(LEFT(A45,11)="Tài khoản: ",MID(A45,12,6),K44) -> 333114
D46: Cộng phát sinh | F46: 0 | I46: =LEN(A46) -> 0 | J46: =LEFT(D46,6) -> Cộng p | K46: =IF(LEFT(A46,11)="Tài khoản: ",MID(A46,12,6),K45) -> 333114
D47: Dư cuối kỳ
A48: Tài khoản: 33313000000 | D48: Dư đầu kỳ
A49: 46173 | B49: '1369 | C49: GL | D49: Kết chuyển thuế GTGT tháng 5 CTXDCB | E49: 218813875 | G49: HIENNTK.HCM.VTA | H49: Post
A50: 46173 | B50: '1655 | C50: GL | D50: Điều chỉnh tk 33313 sang TK333111 _do htoan sai TK | E50: -218813875 | G50: HIENNTK.HCM.VTA | H50: Post
D51: Cộng phát sinh | E51: 0
D52: Dư cuối kỳ
D53: Tổng Dư đầu kỳ | E53: 1500000000
D54: Tổng Cộng phát sinh | E54: 108965015793 | F54: 108965015793
D55: Tổng Dư cuối kỳ | E55: 1500000000
A57: TP. Hồ Chí Minh, ngày ..... tháng ..... năm ..........
A60: EVN_TA_030, người in: TUAN2HM.HCM.VTA, ngày in: 11/06/2026 16:34:30.

Sheet 33895
A1: TỔNG CÔNG TY ĐIỆN LỰC THÀNH PHỐ HỒ CHÍ MINH TNHH | M1: Nợ_giải trừ | N1: Có_treo
A2: CHI NHÁNH TỔNG CÔNG TY ĐIỆN LỰC THÀNH PHỐ HỒ CHÍ MINH TNHH - CÔNG TY ĐIỆN LỰC VŨNG TÀU | L2: DIEN01 | M2: =SUMIF($J:$J,$L2,F:F) -> 0 | N2: =SUMIF($J:$J,$L2,G:G) -> 61251406929
A3: SỔ CHI TIẾT TÀI KHOẢN THEO 3 CẤP ĐỐI TƯỢNG DFF | L3: CSPK02 | M3: =SUMIF($J:$J,$L3,F:F) -> 0 | N3: =SUMIF($J:$J,$L3,G:G) -> 47724956
A4: Tài khoản 33895 - Phải trả, phải nộp khác – Thuế đầu ra chưa kê khai | M4: =SUM(M2:M3) -> 0 | N4: =SUM(N2:N3) -> 61299131885
A5: Tất cả loại hình
A6: Từ ngày 01/05/2026 đến ngày 31/05/2026
A7: Nguồn bút toán | B7: Chứng từ | E7: Diễn giải | F7: Số phát sinh Nợ | G7: Số phát sinh Có | H7: Người lập | I7: Trạng Thái
B8: Ngày | C8: Số CT Phân hệ phụ | D8: Số CT phân | H8: Chứng từ
D9: hệ GL | K9: QUYENNN.HCM.VTA
A10: 33895000000-Phải trả, phải nộp khác – Thuế đầu ra chưa kê khai
E11: Số dư đầu kỳ | G11: 56185989268
A12: Khác | G12: 56185989268
A13: Khác | G13: 56185989268
A14: Khác | G14: 56185989268
A15: GL-Manual | B15: 46163 | D15: 1356 | E15: 082900.000000.000.33895000000.0000.0000.000.000000.0000.0000 | F15: 38034227 | H15: QUYENNN.HCM.VTA | I15: Unpost | J15: =LEFT(E16,6) -> Giải t | K15: =IF(H15=$K$9,G15,0) -> 0
E16: Giải trừ thuế GTGT đầu ra từ 33895 sang 333111-30/04/2026 AR1547 | J16: =LEFT(E17,6) -> 082900 | K16: =IF(H16=$K$9,G16,0) -> 0
A17: GL-Manual | B17: 46163 | D17: 1356 | E17: 082900.000000.000.33895000000.0000.0000.000.000000.0000.0000 | H17: QUYENNN.HCM.VTA | I17: Unpost | J17: =LEFT(E18,6) -> Giải t | K17: =IF(H17=$K$9,G17,0) -> 0
E18: Giải trừ thuế GTGT đầu ra từ 33895 sang 333111-30/04/2026 AR1546 | J18: =LEFT(E19,6) -> 082900 | K18: =IF(H18=$K$9,G18,0) -> 0
A19: GL-Manual | B19: 46163 | D19: 1356 | E19: 082900.000000.000.33895000000.0000.0000.000.000000.0000.0000 | F19: 56147955041 | H19: QUYENNN.HCM.VTA | I19: Unpost | J19: =LEFT(E20,6) -> Giải t | K19: =IF(H19=$K$9,G19,0) -> 0
E20: Giải trừ thuế GTGT đầu ra từ 33895 sang 333111-30/04/2026 AR1545 | J20: =LEFT(E21,6) -> 082900 | K20: =IF(H20=$K$9,G20,0) -> 0
A21: AR-Transaction | B21: 46173 | C21: 1647 | E21: 082900.000000.000.33895000000.0000.0000.000.000000.0000.0000 | G21: 61251406929 | H21: QUYENNN.HCM.VTA | I21: Draft | J21: =LEFT(E22,6) -> DIEN01 | K21: =IF(H21=$K$9,G21,0) -> 61251406929
E22: DIEN01-DOANH THU HÓA ĐƠN TIỀN ĐIỆN PHÁT SINH T05/2026 | J22: =LEFT(E23,6) -> 082900 | K22: =IF(H22=$K$9,G22,0) -> 0
A23: AR-Transaction | B23: 46173 | C23: 1648 | E23: 082900.000000.000.33895000000.0000.0000.000.000000.0000.0000 | H23: QUYENNN.HCM.VTA | I23: Draft | J23: =LEFT(E24,6) -> DIEN00 | K23: =IF(H23=$K$9,G23,0) -> 0
E24: DIEN00-DOANH THU HÓA ĐƠN TIỀN ĐIỆN PHÁT SINH-CT TNHH NHÔM TOÀN CẦU VIỆT NAM KỲ 3/5/2026 | J24: =LEFT(E25,6) -> 082900 | K24: =IF(H24=$K$9,G24,0) -> 0
A25: AR-Transaction | B25: 46173 | C25: 1649 | E25: 082900.000000.000.33895000000.0000.0000.000.000000.0000.0000 | G25: 47724956 | H25: QUYENNN.HCM.VTA | I25: Draft | J25: =LEFT(E26,6) -> CSPK02 | K25: =IF(H25=$K$9,G25,0) -> 47724956
E26: CSPK02-DOANH THU HÓA ĐƠN TIỀN VÔ CÔNG PHÁT SINH T05/2026 | J26: =LEFT(E27,6) | K26: =IF(H26=$K$9,G26,0) -> 0
B27: Cộng phát sinh – cấp 3 | F27: 56185989268 | G27: 61299131885 | J27: =LEFT(E28,6) | K27: =IF(H27=$K$9,G27,0) -> 0
B28: Dư cuối kỳ | G28: 61299131885 | J28: =LEFT(E29,6) | K28: =IF(H28=$K$9,G28,0) -> 0
B29: Cộng phát sinh – cấp 2 | F29: 56185989268 | G29: 61299131885 | J29: =LEFT(E30,6) | K29: =IF(H29=$K$9,G29,0) -> 0
B30: Dư cuối kỳ | G30: 61299131885 | J30: =LEFT(E31,6) | K30: =IF(H30=$K$9,G30,0) -> 0
B31: Cộng phát sinh – cấp 1 | F31: 56185989268 | G31: 61299131885 | J31: =LEFT(E32,6) | K31: =IF(H31=$K$9,G31,0) -> 0
B32: Dư cuối kỳ | G32: 61299131885 | J32: =LEFT(E33,6) | K32: =IF(H32=$K$9,G32,0) -> 0
B33: Cộng phát sinh-33895000000 | F33: 56185989268 | G33: 61299131885 | J33: =LEFT(E34,6) | K33: =IF(H33=$K$9,G33,0) -> 0
B34: Dư cuối kỳ- | G34: 61299131885 | J34: =LEFT(E35,6) | K34: =IF(H34=$K$9,G34,0) -> 0
B35: Tổng Dư đầu kỳ - 33895000000 | G35: 56185989268 | J35: =LEFT(E36,6) | K35: =IF(H35=$K$9,G35,0) -> 0
B36: Tổng Cộng phát sinh | F36: 56185989268 | G36: 61299131885 | J36: =LEFT(E37,6) | K36: =IF(H36=$K$9,G36,0) -> 0
B37: Tổng Dư cuối kỳ | G37: 61299131885 | J37: =LEFT(E38,6) | K37: =IF(H37=$K$9,G37,0) -> 0
C38: Người lập biểu | D38: Kế toán trưởng | J38: =LEFT(E39,6) | K38: =IF(H38=$K$9,G38,0) -> 0
C39: (Ký, họ tên) | D39: (Ký, họ tên) | J39: =LEFT(E40,6) | K39: =IF(H39=$K$9,G39,0) -> 0
J40: =LEFT(E41,6) | K40: =IF(H40=$K$9,G40,0) -> 0
J41: =LEFT(E42,6) | K41: =IF(H41=$K$9,G41,0) -> 0
J42: =LEFT(E43,6) | K42: =IF(H42=$K$9,G42,0) -> 0
J43: =LEFT(E44,6) | K43: =IF(H43=$K$9,G43,0) -> 0
J44: =LEFT(E45,6) | K44: =IF(H44=$K$9,G44,0) -> 0
J45: =LEFT(E46,6) | K45: =IF(H45=$K$9,G45,0) -> 0
J46: =LEFT(E47,6) | K46: =IF(H46=$K$9,G46,0) -> 0
J47: =LEFT(E48,6) | K47: =IF(H47=$K$9,G47,0) -> 0
J48: =LEFT(E49,6) | K48: =IF(H48=$K$9,G48,0) -> 0
J49: =LEFT(E50,6) | K49: =IF(H49=$K$9,G49,0) -> 0
J50: =LEFT(E51,6) | K50: =IF(H50=$K$9,G50,0) -> 0
J51: =LEFT(E52,6) | K51: =IF(H51=$K$9,G51,0) -> 0
... J123: =LEFT(E124,6) | K123: =IF(H123=$K$9,G123,0) -> 0
J124: =LEFT(E125,6)

Sheet TA36
J1: Mẫu số : 01-2/GTGT | W1: TUAN2HM.HCM.VTA | X1: =SUMIF($R:$R,$W1,$H:$H) -> 1291995987299 | Y1: =SUMIF($R:$R,$W1,$J:$J) -> 103359678984 | Z1: =SUMIF('13311'!$G:$G,'TA36'!$W1,'13311'!$E:$E) -> 103359678984 | AA1: =Y1-Z1 -> 0
J2: (Ban hành kèm theo thông tư | W2: LINH3NTT.HCM.VTA | X2: =SUMIF($R:$R,$W2,$H:$H) -> 334094213 | Y2: =SUMIF($R:$R,$W2,$J:$J) -> 26847201 | Z2: =SUMIF('13311'!$G:$G,'TA36'!$W2,'13311'!$E:$E) -> 26847201 | AA2: =Y2-Z2 -> 0
J3: số 119/2014/TT-BTC ngày | W3: THANH5DT.HCM.VTA | X3: =SUMIF($R:$R,$W3,$H:$H) -> 19828437023 | Y3: =SUMIF($R:$R,$W3,$J:$J) -> 1586121323 | Z3: =SUMIF('13311'!$G:$G,'TA36'!$W3,'13311'!$E:$E) -> 1586121323 | AA3: =Y3-Z3 -> 0
J4: 25/08/2014 của Bộ tài chính) | W4: HIENNTK.HCM.VTA | X4: =SUMIF($R:$R,$W4,$H:$H) -> 4264271219 | Y4: =SUMIF($R:$R,$W4,$J:$J) -> 341141697 | Z4: =SUMIF('13311'!$G:$G,'TA36'!$W4,'13311'!$E:$E) -> 341141697 | AA4: =Y4-Z4 -> 0
W5: QUYENNN.HCM.VTA | X5: =SUMIF($R:$R,$W5,$H:$H) -> 17682276 | Y5: =SUMIF($R:$R,$W5,$J:$J) -> 1768229 | Z5: =SUMIF('13311'!$G:$G,'TA36'!$W5,'13311'!$E:$E) -> 1768229 | AA5: =Y5-Z5 -> 0
B6: BẢNG KÊ HÓA ĐƠN, CHỨNG TỪ HÀNG HÓA, DỊCH VỤ MUA VÀO(Kiểm soát số liệu) | W6: HUENT.HCM.VTA | X6: =SUMIF($R:$R,$W6,$H:$H) -> 1015525132 | Y6: =SUMIF($R:$R,$W6,$J:$J) -> 82569755 | Z6: =SUMIF('13311'!$G:$G,'TA36'!$W6,'13311'!$E:$E) -> 82569755 | AA6: =Y6-Z6 -> 0
B7: Kèm theo tờ kê khai thuế GTGT theo mẫu số 01/GTGT | W7: THAOPTT.HCM.VTA | X7: =SUMIF($R:$R,$W7,$H:$H) -> 26031867076 | Y7: =SUMIF($R:$R,$W7,$J:$J) -> 2082579117 | Z7: =SUMIF('13311'!$G:$G,'TA36'!$W7,'13311'!$E:$E) -> 2082579117 | AA7: =Y7-Z7 -> 0
B8: Từ ngày 01/05/2026 đến ngày 31/05/2026 | W8: CHAULTN.HCM.VTA | X8: =SUMIF($R:$R,$W8,$H:$H) -> 250000 | Y8: =SUMIF($R:$R,$W8,$J:$J) -> 25000 | Z8: =SUMIF('13311'!$G:$G,'TA36'!$W8,'13311'!$E:$E) -> 25000 | AA8: =Y8-Z8 -> 0
W9: THUTT.HCM.VTA | X9: =SUMIF($R:$R,$W9,$H:$H) -> 50000 | Y9: =SUMIF($R:$R,$W9,$J:$J) -> 5000 | Z9: =SUMIF('13311'!$G:$G,'TA36'!$W9,'13311'!$E:$E) -> 5000 | AA9: =Y9-Z9 -> 0
B10: Người nộp thuế : CHI NHÁNH TỔNG CÔNG TY ĐIỆN LỰC THÀNH PHỐ HỒ CHÍ MINH TNHH - CÔNG TY ĐIỆN LỰC VŨNG TÀU | X10: =SUM(X1:X9) -> 1343488164238 | Y10: =SUM(Y1:Y9) -> 107480736306 | Z10: =SUM(Z1:Z9) -> 107480736306 | AA10: =SUM(AA1:AA9) -> 0
B11: Mã số thuế : 0300951119-010 | X11: TAX36 | Y11: TAX36 | Z11: TA030
N12: Đơn vị tính: đồng Việt Nam | V12: ĐẦU TƯ XÂY DỰNG | X12: trước thuế | Y12: tiền thuế
H13: =SUBTOTAL(9,H18:H505) -> 26769800 | J13: =SUBTOTAL(9,J18:J505) -> 1338490 | W13: SXKD | X13: =X10-X14 -> 1321171020806 | Y13: =Y10-Y14 -> 85163592874
A14: STT | B14: Hóa đơn chứng từ bán | E14: Tên người bán | F14: Mã số thuế người bán | G14: Mặt hàng | H14: Doanh số mua chưa có thuế | I14: Thuế suất (%) | J14: Thuế GTGT | K14: Ghi chú | L14: Nguồn chứng từ | M14: Số chứng từ | N14: Ngày lập chứng từ | O14: Thời hạn thanh toán trả chậm | P14: Số tiền đã thanh toán | Q14: Loại hình SXKD | R14: Người lập chứng từ | S14: Trạng thái | T14: test | U14: test | V14: TK thuế | W14: XDCB | X14: =SUMIF($Q:$Q,$V$12,$H:$H) -> 22317143432 | Y14: =SUMIF($Q:$Q,$V$12,$H:$H) -> 22317143432
B15: Ký hiệu hóa đơn | C15: Số hóa đơn | D15: Ngày, tháng, năm phát hành | T15: MST | U15: tiền | X15: =SUM(X13:X14) -> 1343488164238 | Y15: =SUM(Y13:Y14) -> 107480736306
A16: [1] | B16: [2] | C16: [3] | D16: [4] | E16: [5] | F16: [6] | G16: [7] | H16: [8] | I16: [9] | J16: [10] | K16: [11] | L16: [12] | M16: [13] | N16: [14] | O16: [15] | P16: [16] | Q16: [17] | R16: [18] | S16: [19] | U16: thuế
A17: 1. Hàng hóa, dịch vụ dùng riêng cho SXKD chịu thuế GTGT đủ điều kiện được khấu trừ
A18: 1 | B18: 1K26TYY | C18: '23620037 | D18: 46146 | E18: Ngân Hàng TMCP Á Châu | F18: '0301452948 | G18: Phí dịch vụ ngân hàng | H18: 27273 | I18: 10 | J18: 2727 | L18: GL | M18: '1359 | N18: 46173 | O18: 46173 | P18: 30000 | Q18: ĐẦU TƯ XÂY DỰNG | R18: LINH3NTT.HCM.VTA | S18: Not Reversed | T18: =IF(OR(LEN(F18)=11,LEN(F18)=15),"Đ","SAI") -> Đ | U18: =ROUND(H18*I18%,0)-J18 -> 0 | V18: =IF(Q18=$V$12,13313,13311) -> 13313
A19: 2 | B19: 1K26TAA | C19: '00013830 | D19: 46150 | E19: Ngân Hàng TMCP Đầu Tư và Phát Triển Việt Nam -Chi nhánh Bà Rịa Vũng Tàu | F19: '0100150619-006 | G19: Dịch vụ ngân hàng | H19: 50000 | I19: 10 | J19: 5000 | L19: GL | M19: '1359 | N19: 46173 | O19: 46173 | P19: 55000 | Q19: ĐẦU TƯ XÂY DỰNG | R19: LINH3NTT.HCM.VTA | S19: Not Reversed | T19: =IF(OR(LEN(F19)=11,LEN(F19)=15),"Đ","SAI") -> Đ | U19: =ROUND(H19*I19%,0)-J19 -> 0 | V19: =IF(Q19=$V$12,13313,13311) -> 13313
A20: 3 | B20: 1K26TAA | C20: '00014137 | D20: 46156 | E20: Ngân Hàng TMCP Đầu Tư và Phát Triển Việt Nam -Chi nhánh Bà Rịa Vũng Tàu | F20: '0100150619-006 | G20: Dịch vụ ngân hàng | H20: 870075 | I20: 10 | J20: 87008 | L20: GL | M20: '1359 | N20: 46173 | O20: 46173 | P20: 957083 | Q20: ĐẦU TƯ XÂY DỰNG | R20: LINH3NTT.HCM.VTA | S20: Not Reversed | T20: =IF(OR(LEN(F20)=11,LEN(F20)=15),"Đ","SAI") -> Đ | U20: =ROUND(H20*I20%,0)-J20 -> 0 | V20: =IF(Q20=$V$12,13313,13311) -> 13313
A21: 4 | B21: 1K26TAA | C21: '00014549 | D21: 46164 | E21: Ngân Hàng TMCP Đầu Tư và Phát Triển Việt Nam -Chi nhánh Bà Rịa Vũng Tàu | F21: '0100150619-006 | G21: Dịch vụ ngân hàng | H21: 3146172 | I21: 10 | J21: 314617 | L21: GL | M21: '1359 | N21: 46173 | O21: 46173 | P21: 3460789 | Q21: ĐẦU TƯ XÂY DỰNG | R21: LINH3NTT.HCM.VTA | S21: Not Reversed | T21: =IF(OR(LEN(F21)=11,LEN(F21)=15),"Đ","SAI") -> Đ | U21: =ROUND(H21*I21%,0)-J21 -> 0 | V21: =IF(Q21=$V$12,13313,13311) -> 13313
A22: 5 | B22: 1K26TAA | C22: '00014765 | D22: 46168 | E22: Ngân Hàng TMCP Đầu Tư và Phát Triển Việt Nam -Chi nhánh Bà Rịa Vũng Tàu | F22: '0100150619-006 | G22: Dịch vụ ngân hàng | H22: 243805 | I22: 10 | J22: 24381 | L22: GL | M22: '1359 | N22: 46173 | O22: 46173 | P22: 268186 | Q22: ĐẦU TƯ XÂY DỰNG | R22: LINH3NTT.HCM.VTA | S22: Not Reversed | T22: =IF(OR(LEN(F22)=11,LEN(F22)=15),"Đ","SAI") -> Đ | U22: =ROUND(H22*I22%,0)-J22 -> 0 | V22: =IF(Q22=$V$12,13313,13311) -> 13313
A23: 6 | B23: 1K26TAA | C23: '00014855 | D23: 46170 | E23: Ngân Hàng TMCP Đầu Tư và Phát Triển Việt Nam -Chi nhánh Bà Rịa Vũng Tàu | F23: '0100150619-006 | G23: Dịch vụ ngân hàng | H23: 151244 | I23: 10 | J23: 15124 | L23: GL | M23: '1359 | N23: 46173 | O23: 46173 | P23: 166368 | Q23: ĐẦU TƯ XÂY DỰNG | R23: LINH3NTT.HCM.VTA | S23: Not Reversed | T23: =IF(OR(LEN(F23)=11,LEN(F23)=15),"Đ","SAI") -> Đ | U23: =ROUND(H23*I23%,0)-J23 -> 0 | V23: =IF(Q23=$V$12,13313,13311) -> 13313
A24: 7 | B24: 1K26TAA | C24: '00014919 | D24: 46171 | E24: Ngân Hàng TMCP Đầu Tư và Phát Triển Việt Nam -Chi nhánh Bà Rịa Vũng Tàu | F24: '0100150619-006 | G24: Dịch vụ ngân hàng | H24: 1494552 | I24: 10 | J24: 149456 | L24: GL | M24: '1359 | N24: 46173 | O24: 46173 | P24: 1644008 | Q24: ĐẦU TƯ XÂY DỰNG | R24: LINH3NTT.HCM.VTA | S24: Not Reversed | T24: =IF(OR(LEN(F24)=11,LEN(F24)=15),"Đ","SAI") -> Đ | U24: =ROUND(H24*I24%,0)-J24 -> -1 | V24: =IF(Q24=$V$12,13313,13311) -> 13313
A25: 8 | B25: 1K26TAA | C25: '666 | D25: 46153 | E25: TỔNG CÔNG TY ĐIỆN LỰC THÀNH PHỐ HỒ CHÍ MINH | F25: '0300951119 | G25: Thuế GTGT VTĐĐ- hđơn 666-11.05.26 | H25: 321600000 | I25: 8 | J25: 25728000 | K25: CK | L25: GL | M25: '1361 | N25: 46173 | O25: 46173 | P25: 347328000 | Q25: ĐẦU TƯ XÂY DỰNG | R25: THANH5DT.HCM.VTA | S25: Not Reversed | T25: =IF(OR(LEN(F25)=11,LEN(F25)=15),"Đ","SAI") -> Đ | U25: =ROUND(H25*I25%,0)-J25 -> 0 | V25: =IF(Q25=$V$12,13313,13311) -> 13313
A26: 9 | B26: 1K26TAA | C26: '679 | D26: 46155 | E26: TỔNG CÔNG TY ĐIỆN LỰC THÀNH PHỐ HỒ CHÍ MINH | F26: '0300951119 | G26: Thuế GTGT VTĐĐ- hđơn 679-13.05.26 | H26: 670800000 | I26: 8 | J26: 53664000 | K26: CK | L26: GL | M26: '1361 | N26: 46173 | O26: 46173 | P26: 724464000 | Q26: Không xác định | R26: THANH5DT.HCM.VTA | S26: Not Reversed | T26: =IF(OR(LEN(F26)=11,LEN(F26)=15),"Đ","SAI") -> Đ | U26: =ROUND(H26*I26%,0)-J26 -> 0 | V26: =IF(Q26=$V$12,13313,13311) -> 13311
A27: 10 | B27: 1K26TAA | C27: '681 | D27: 46155 | E27: TỔNG CÔNG TY ĐIỆN LỰC THÀNH PHỐ HỒ CHÍ MINH | F27: '0300951119 | G27: Thuế GTGT VTĐĐ- hđơn 681-13.05.26 | H27: 1286400000 | I27: 8 | J27: 102912000 | K27: CK | L27: GL | M27: '1361 | N27: 46173 | O27: 46173 | P27: 1389312000 | Q27: ĐẦU TƯ XÂY DỰNG | R27: THANH5DT.HCM.VTA | S27: Not Reversed | T27: =IF(OR(LEN(F27)=11,LEN(F27)=15),"Đ","SAI") -> Đ | U27: =ROUND(H27*I27%,0)-J27 -> 0 | V27: =IF(Q27=$V$12,13313,13311) -> 13313
A28: 11 | B28: 1K26TAA | C28: '708 | D28: 46161 | E28: TỔNG CÔNG TY ĐIỆN LỰC THÀNH PHỐ HỒ CHÍ MINH | F28: '0300951119 | G28: Thuế GTGT VTĐĐ- hđơn 708-19.05.26 | H28: 332362200 | I28: 8 | J28: 26588976 | K28: CK | L28: GL | M28: '1361 | N28: 46173 | O28: 46173 | P28: 358951176 | Q28: Không xác định | R28: THANH5DT.HCM.VTA | S28: Not Reversed | T28: =IF(OR(LEN(F28)=11,LEN(F28)=15),"Đ","SAI") -> Đ | U28: =ROUND(H28*I28%,0)-J28 -> 0 | V28: =IF(Q28=$V$12,13313,13311) -> 13311
A29: 12 | B29: 1K26TAA | C29: '709 | D29: 46161 | E29: TỔNG CÔNG TY ĐIỆN LỰC THÀNH PHỐ HỒ CHÍ MINH | F29: '0300951119 | G29: Thuế GTGT VTĐĐ- hđơn 709-19.05.26 | H29: 168300000 | I29: 8 | J29: 13464000 | K29: CK | L29: GL | M29: '1361 | N29: 46173 | O29: 46173 | P29: 181764000 | Q29: Không xác định | R29: THANH5DT.HCM.VTA | S29: Not Reversed | T29: =IF(OR(LEN(F29)=11,LEN(F29)=15),"Đ","SAI") -> Đ | U29: =ROUND(H29*I29%,0)-J29 -> 0 | V29: =IF(Q29=$V$12,13313,13311) -> 13311
A30: 13 | B30: 1K26TAA | C30: '710 | D30: 46161 | E30: TỔNG CÔNG TY ĐIỆN LỰC THÀNH PHỐ HỒ CHÍ MINH | F30: '0300951119 | G30: Thuế GTGT VTĐĐ- hđơn 710-19.05.26 | H30: 225911443 | I30: 8 | J30: 18072915 | K30: CK | L30: GL | M30: '1361 | N30: 46173 | O30: 46173 | P30: 243984358 | Q30: Không xác định | R30: THANH5DT.HCM.VTA | S30: Not Reversed | T30: =IF(OR(LEN(F30)=11,LEN(F30)=15),"Đ","SAI") -> Đ | U30: =ROUND(H30*I30%,0)-J30 -> 0 | V30: =IF(Q30=$V$12,13313,13311) -> 13311
A31: 14 | B31: 1K26TAA | C31: '752 | D31: 46167 | E31: TỔNG CÔNG TY ĐIỆN LỰC THÀNH PHỐ HỒ CHÍ MINH | F31: '0300951119 | G31: Thuế GTGT VTĐĐ- hđơn 752-25.05.26 | H31: 1809648000 | I31: 8 | J31: 144771840 | K31: CK | L31: GL | M31: '1361 | N31: 46173 | O31: 46173 | P31: 1954419840 | Q31: ĐẦU TƯ XÂY DỰNG | R31: THANH5DT.HCM.VTA | S31: Not Reversed | T31: =IF(OR(LEN(F31)=11,LEN(F31)=15),"Đ","SAI") -> Đ | U31: =ROUND(H31*I31%,0)-J31 -> 0 | V31: =IF(Q31=$V$12,13313,13311) -> 13313
A32: 15 | B32: 1K26TAA | C32: '760 | D32: 46168 | E32: TỔNG CÔNG TY ĐIỆN LỰC THÀNH PHỐ HỒ CHÍ MINH | F32: '0300951119 | G32: Thuế GTGT VTĐĐ- hđơn 760-26.05.26 | H32: 4700000000 | I32: 8 | J32: 376000000 | K32: CK | L32: GL | M32: '1361 | N32: 46173 | O32: 46173 | P32: 5076000000 | Q32: ĐẦU TƯ XÂY DỰNG | R32: THANH5DT.HCM.VTA | S32: Not Reversed | T32: =IF(OR(LEN(F32)=11,LEN(F32)=15),"Đ","SAI") -> Đ | U32: =ROUND(H32*I32%,0)-J32 -> 0 | V32: =IF(Q32=$V$12,13313,13311) -> 13313
A33: 16 | B33: 1K26TAA | C33: '761 | D33: 46168 | E33: TỔNG CÔNG TY ĐIỆN LỰC THÀNH PHỐ HỒ CHÍ MINH | F33: '0300951119 | G33: Thuế GTGT VTĐĐ- hđơn 761-26.05.26 | H33: 4700000000 | I33: 8 | J33: 376000000 | K33: CK | L33: GL | M33: '1361 | N33: 46173 | O33: 46173 | P33: 5076000000 | Q33: ĐẦU TƯ XÂY DỰNG | R33: THANH5DT.HCM.VTA | S33: Not Reversed | T33: =IF(OR(LEN(F33)=11,LEN(F33)=15),"Đ","SAI") -> Đ | U33: =ROUND(H33*I33%,0)-J33 -> 0 | V33: =IF(Q33=$V$12,13313,13311) -> 13313
A34: 17 | B34: 1K26TAA | C34: '762 | D34: 46168 | E34: TỔNG CÔNG TY ĐIỆN LỰC THÀNH PHỐ HỒ CHÍ MINH | F34: '0300951119 | G34: Thuế GTGT VTĐĐ- hđơn 762-26.05.26 | H34: 3619296000 | I34: 8 | J34: 289543680 | K34: CK | L34: GL | M34: '1361 | N34: 46173 | O34: 46173 | P34: 3908839680 | Q34: ĐẦU TƯ XÂY DỰNG | R34: THANH5DT.HCM.VTA | S34: Not Reversed | T34: =IF(OR(LEN(F34)=11,LEN(F34)=15),"Đ","SAI") -> Đ | U34: =ROUND(H34*I34%,0)-J34 -> 0 | V34: =IF(Q34=$V$12,13313,13311) -> 13313
A35: 18 | B35: 1K26TAA | C35: '780 | D35: 46169 | E35: TỔNG CÔNG TY ĐIỆN LỰC THÀNH PHỐ HỒ CHÍ MINH | F35: '0300951119 | G35: Thuế GTGT VTĐĐ- hđơn 780-27.05.26 | H35: 1281834000 | I35: 8 | J35: 102546720 | K35: CK | L35: GL | M35: '1361 | N35: 46173 | O35: 46173 | P35: 1384380720 | Q35: ĐẦU TƯ XÂY DỰNG | R35: THANH5DT.HCM.VTA | S35: Not Reversed | T35: =IF(OR(LEN(F35)=11,LEN(F35)=15),"Đ","SAI") -> Đ | U35: =ROUND(H35*I35%,0)-J35 -> 0 | V35: =IF(Q35=$V$12,13313,13311) -> 13313
A36: 19 | B36: 1K25TAV | C36: '5250 | D36: 45944 | E36: Chi nhánh Tổng Công Ty Điện Lực TP Hồ Chí Minh TNHH - Công Ty Thí Nghiệm Điện Lực TP Hồ Chí Minh | F36: '0300951119-018 | G36: Chi phí thủ nghiệm VTTB | H36: 148568460 | I36: 8 | J36: 11885477 | L36: GL | M36: '1365 | N36: 46173 | O36: 46173 | P36: 160453937 | Q36: ĐẦU TƯ XÂY DỰNG | R36: LINH3NTT.HCM.VTA | S36: Not Reversed | T36: =IF(OR(LEN(F36)=11,LEN(F36)=15),"Đ","SAI") -> Đ | U36: =ROUND(H36*I36%,0)-J36 -> 0 | V36: =IF(Q36=$V$12,13313,13311) -> 13313
A37: 20 | B37: 1K25TAV | C37: '6403 | D37: 45944 | E37: Chi nhánh Tổng Công Ty Điện Lực TP Hồ Chí Minh TNHH - Công Ty Thí Nghiệm Điện Lực TP Hồ Chí Minh | F37: '0300951119-018 | G37: Chi phí thủ nghiệm VTTB | H37: 640217 | I37: 8 | J37: 51217 | L37: GL | M37: '1365 | N37: 46173 | O37: 46173 | P37: 691434 | Q37: ĐẦU TƯ XÂY DỰNG | R37: LINH3NTT.HCM.VTA | S37: Not Reversed | T37: =IF(OR(LEN(F37)=11,LEN(F37)=15),"Đ","SAI") -> Đ | U37: =ROUND(H37*I37%,0)-J37 -> 0 | V37: =IF(Q37=$V$12,13313,13311) -> 13313
A38: 21 | B38: 1K25TAV | C38: '7020 | D38: 46016 | E38: Chi nhánh Tổng Công Ty Điện Lực TP Hồ Chí Minh TNHH - Công Ty Thí Nghiệm Điện Lực TP Hồ Chí Minh | F38: '0300951119-018 | G38: Chi phí thủ nghiệm VTTB | H38: 139125661 | I38: 8 | J38: 11130053 | L38: GL | M38: '1365 | N38: 46173 | O38: 46173 | P38: 150255714 | Q38: ĐẦU TƯ XÂY DỰNG | R38: LINH3NTT.HCM.VTA | S38: Not Reversed | T38: =IF(OR(LEN(F38)=11,LEN(F38)=15),"Đ","SAI") -> Đ | U38: =ROUND(H38*I38%,0)-J38 -> 0 | V38: =IF(Q38=$V$12,13313,13311) -> 13313
A39: 22 | B39: 1K25TAV | C39: '7021 | D39: 46016 | E39: Chi nhánh Tổng Công Ty Điện Lực TP Hồ Chí Minh TNHH - Công Ty Thí Nghiệm Điện Lực TP Hồ Chí Minh | F39: '0300951119-018 | G39: Chi phí thủ nghiệm VTTB | H39: 15482358 | I39: 8 | J39: 1238589 | L39: GL | M39: '1365 | N39: 46173 | O39: 46173 | P39: 16720947 | Q39: ĐẦU TƯ XÂY DỰNG | R39: LINH3NTT.HCM.VTA | S39: Not Reversed | T39: =IF(OR(LEN(F39)=11,LEN(F39)=15),"Đ","SAI") -> Đ | U39: =ROUND(H39*I39%,0)-J39 -> 0 | V39: =IF(Q39=$V$12,13313,13311) -> 13313
A40: 23 | B40: 1K25TAV | C40: '7022 | D40: 46016 | E40: Chi nhánh Tổng Công Ty Điện Lực TP Hồ Chí Minh TNHH - Công Ty Thí Nghiệm Điện Lực TP Hồ Chí Minh | F40: '0300951119-018 | G40: Chi phí thủ nghiệm VTTB | H40: 15482358 | I40: 8 | J40: 1238589 | L40: GL | M40: '1365 | N40: 46173 | O40: 46173 | P40: 16720947 | Q40: ĐẦU TƯ XÂY DỰNG | R40: LINH3NTT.HCM.VTA | S40: Not Reversed | T40: =IF(OR(LEN(F40)=11,LEN(F40)=15),"Đ","SAI") -> Đ | U40: =ROUND(H40*I40%,0)-J40 -> 0 | V40: =IF(Q40=$V$12,13313,13311) -> 13313
A41: 24 | B41: 1K25TAV | C41: '7308 | D41: 46022 | E41: Chi nhánh Tổng Công Ty Điện Lực TP Hồ Chí Minh TNHH - Công Ty Thí Nghiệm Điện Lực TP Hồ Chí Minh | F41: '0300951119-018 | G41: Chi phí thủ nghiệm VTTB | H41: 8812038 | I41: 8 | J41: 704963 | L41: GL | M41: '1365 | N41: 46173 | O41: 46173 | P41: 9517001 | Q41: ĐẦU TƯ XÂY DỰNG | R41: LINH3NTT.HCM.VTA | S41: Not Reversed | T41: =IF(OR(LEN(F41)=11,LEN(F41)=15),"Đ","SAI") -> Đ | U41: =ROUND(H41*I41%,0)-J41 -> 0 | V41: =IF(Q41=$V$12,13313,13311) -> 13313
A42: 25 | B42: 1K26TDA | C42: '1001809 | D42: 46144 | E42: CN TỔNG CÔNG TY ĐIỆN LỰC TP HỒ CHÍ MINH - CÔNG TY ĐIỆN LỰC VŨNG TÀU | F42: '0300951119-010 | G42: tiền điện T04-2026 | H42: 40710380 | I42: 8 | J42: 3256830 | K42: CK | L42: GL | M42: '1367 | N42: 46173 | O42: 46173 | P42: 43967210 | Q42: Không xác định | R42: THANH5DT.HCM.VTA | S42: Not Reversed | T42: =IF(OR(LEN(F42)=11,LEN(F42)=15),"Đ","SAI") -> Đ | U42: =ROUND(H42*I42%,0)-J42 -> 0 | V42: =IF(Q42=$V$12,13313,13311) -> 13311
A43: 26 | B43: 1K26TDA | C43: '1079265 | D43: 46144 | E43: CN TỔNG CÔNG TY ĐIỆN LỰC TP HỒ CHÍ MINH - CÔNG TY ĐIỆN LỰC VŨNG TÀU | F43: '0300951119-010 | G43: tiền điện T04-2026 | H43: 3851136 | I43: 8 | J43: 308091 | K43: CK | L43: GL | M43: '1367 | N43: 46173 | O43: 46173 | P43: 4159227 | Q43: Không xác định | R43: THANH5DT.HCM.VTA | S43: Not Reversed | T43: =IF(OR(LEN(F43)=11,LEN(F43)=15),"Đ","SAI") -> Đ | U43: =ROUND(H43*I43%,0)-J43 -> 0 | V43: =IF(Q43=$V$12,13313,13311) -> 13311
A44: 27 | B44: 1K26TDA | C44: '1130028 | D44: 46144 | E44: CN TỔNG CÔNG TY ĐIỆN LỰC TP HỒ CHÍ MINH - CÔNG TY ĐIỆN LỰC VŨNG TÀU | F44: '0300951119-010 | G44: tiền điện T04-2026 | H44: 2534391 | I44: 8 | J44: 202751 | K44: CK | L44: GL | M44: '1367 | N44: 46173 | O44: 46173 | P44: 2737142 | Q44: Không xác định | R44: THANH5DT.HCM.VTA | S44: Not Reversed | T44: =IF(OR(LEN(F44)=11,LEN(F44)=15),"Đ","SAI") -> Đ | U44: =ROUND(H44*I44%,0)-J44 -> 0 | V44: =IF(Q44=$V$12,13313,13311) -> 13311
A45: 28 | B45: 1K26TDA | C45: '1181289 | D45: 46144 | E45: CN TỔNG CÔNG TY ĐIỆN LỰC TP HỒ CHÍ MINH - CÔNG TY ĐIỆN LỰC VŨNG TÀU | F45: '0300951119-010 | G45: tiền điện T04-2026 | H45: 23203647 | I45: 8 | J45: 1856292 | K45: CK | L45: GL | M45: '1367 | N45: 46173 | O45: 46173 | P45: 25059939 | Q45: Không xác định | R45: THANH5DT.HCM.VTA | S45: Not Reversed | T45: =IF(OR(LEN(F45)=11,LEN(F45)=15),"Đ","SAI") -> Đ | U45: =ROUND(H45*I45%,0)-J45 -> 0 | V45: =IF(Q45=$V$12,13313,13311) -> 13311
A46: 29 | B46: 1K26TDA | C46: '1183489 | D46: 46144 | E46: CN TỔNG CÔNG TY ĐIỆN LỰC TP HỒ CHÍ MINH - CÔNG TY ĐIỆN LỰC VŨNG TÀU | F46: '0300951119-010 | G46: tiền điện T04-2026 | H46: 9143636 | I46: 8 | J46: 731491 | K46: CK | L46: GL | M46: '1367 | N46: 46173 | O46: 46173 | P46: 9875127 | Q46: Không xác định | R46: THANH5DT.HCM.VTA | S46: Not Reversed | T46: =IF(OR(LEN(F46)=11,LEN(F46)=15),"Đ","SAI") -> Đ | U46: =ROUND(H46*I46%,0)-J46 -> 0 | V46: =IF(Q46=$V$12,13313,13311) -> 13311
A47: 30 | B47: 1K26THE | C47: '536041 | D47: 46144 | E47: CN Tập đoàn bưu chính viễn thông Việt Nam ( Loại hình doanh nghiệp công ty TNHH)- Viễn Thông Thành Phố Hồ Chí Minh | F47: '0300954529 | G47: cước điện thoại VNPT T04-2026 | H47: 20000 | I47: 10 | J47: 2000 | K47: CK | L47: GL | M47: '1367 | N47: 46173 | O47: 46173 | P47: 22000 | Q47: Không xác định | R47: THANH5DT.HCM.VTA | S47: Not Reversed | T47: =IF(OR(LEN(F47)=11,LEN(F47)=15),"Đ","SAI") -> Đ | U47: =ROUND(H47*I47%,0)-J47 -> 0 | V47: =IF(Q47=$V$12,13313,13311) -> 13311
A48: 31 | B48: 1K26THE | C48: '544664 | D48: 46144 | E48: CN Tập đoàn bưu chính viễn thông Việt Nam ( Loại hình doanh nghiệp công ty TNHH)- Viễn Thông Thành Phố Hồ Chí Minh | F48: '0300954529 | G48: cước điện thoại VNPT T04-2026 | H48: 218182 | I48: 10 | J48: 21818 | K48: CK | L48: GL | M48: '1367 | N48: 46173 | O48: 46173 | P48: 240000 | Q48: Không xác định | R48: THANH5DT.HCM.VTA | S48: Not Reversed | T48: =IF(OR(LEN(F48)=11,LEN(F48)=15),"Đ","SAI") -> Đ | U48: =ROUND(H48*I48%,0)-J48 -> 0 | V48: =IF(Q48=$V$12,13313,13311) -> 13311
A49: 32 | B49: 1K26THE | C49: '549225 | D49: 46144 | E49: CN Tập đoàn bưu chính viễn thông Việt Nam ( Loại hình doanh nghiệp công ty TNHH)- Viễn Thông Thành Phố Hồ Chí Minh | F49: '0300954529 | G49: cước điện thoại VNPT T04-2026 | H49: 69091 | I49: 10 | J49: 6909 | K49: CK | L49: GL | M49: '1367 | N49: 46173 | O49: 46173 | P49: 76000 | Q49: Không xác định | R49: THANH5DT.HCM.VTA | S49: Not Reversed | T49: =IF(OR(LEN(F49)=11,LEN(F49)=15),"Đ","SAI") -> Đ | U49: =ROUND(H49*I49%,0)-J49 -> 0 | V49: =IF(Q49=$V$12,13313,13311) -> 13311 | W49: x
A50: 33 | B50: 1K26THE | C50: '549304 | D50: 46144 | E50: CN Tập đoàn bưu chính viễn thông Việt Nam ( Loại hình doanh nghiệp công ty TNHH)- Viễn Thông Thành Phố Hồ Chí Minh | F50: '0300954529 | G50: cước điện thoại VNPT T04-2026 | H50: 1450000 | I50: 10 | J50: 145000 | K50: CK | L50: GL | M50: '1367 | N50: 46173 | O50: 46173 | P50: 1595000 | Q50: Không xác định | R50: THANH5DT.HCM.VTA | S50: Not Reversed | T50: =IF(OR(LEN(F50)=11,LEN(F50)=15),"Đ","SAI") -> Đ | U50: =ROUND(H50*I50%,0)-J50 -> 0 | V50: =IF(Q50=$V$12,13313,13311) -> 13311
A51: 34 | B51: 1K26THE | C51: '563998 | D51: 46144 | E51: CN Tập đoàn bưu chính viễn thông Việt Nam ( Loại hình doanh nghiệp công ty TNHH)- Viễn Thông Thành Phố Hồ Chí Minh | F51: '0300954529 | G51: cước điện thoại VNPT T04-2026 | H51: 3277274 | I51: 10 | J51: 327727 | K51: CK | L51: GL | M51: '1367 | N51: 46173 | O51: 46173 | P51: 3605001 | Q51: Không xác định | R51: THANH5DT.HCM.VTA | S51: Not Reversed | T51: =IF(OR(LEN(F51)=11,LEN(F51)=15),"Đ","SAI") -> Đ | U51: =ROUND(H51*I51%,0)-J51 -> 0 | V51: =IF(Q51=$V$12,13313,13311) -> 13311
A52: 35 | B52: 1K26THE | C52: '567025 | D52: 46144 | E52: CN Tập đoàn bưu chính viễn thông Việt Nam ( Loại hình doanh nghiệp công ty TNHH)- Viễn Thông Thành Phố Hồ Chí Minh | F52: '0300954529 | G52: cước điện thoại VNPT T04-2026 | H52: 1118182 | I52: 10 | J52: 111818 | K52: CK | L52: GL | M52: '1367 | N52: 46173 | O52: 46173 | P52: 1230000 | Q52: Không xác định | R52: THANH5DT.HCM.VTA | S52: Not Reversed | T52: =IF(OR(LEN(F52)=11,LEN(F52)=15),"Đ","SAI") -> Đ | U52: =ROUND(H52*I52%,0)-J52 -> 0 | V52: =IF(Q52=$V$12,13313,13311) -> 13311
A53: 36 | B53: 1K26THE | C53: '571766 | D53: 46144 | E53: CN Tập đoàn bưu chính viễn thông Việt Nam ( Loại hình doanh nghiệp công ty TNHH)- Viễn Thông Thành Phố Hồ Chí Minh | F53: '0300954529 | G53: cước điện thoại VNPT T04-2026 | H53: 39865 | I53: 10 | J53: 3987 | K53: CK | L53: GL | M53: '1367 | N53: 46173 | O53: 46173 | P53: 43852 | Q53: Không xác định | R53: THANH5DT.HCM.VTA | S53: Not Reversed | T53: =IF(OR(LEN(F53)=11,LEN(F53)=15),"Đ","SAI") -> Đ | U53: =ROUND(H53*I53%,0)-J53 -> 0 | V53: =IF(Q53=$V$12,13313,13311) -> 13311
A54: 37 | B54: 1K26THE | C54: '581131 | D54: 46144 | E54: CN Tập đoàn bưu chính viễn thông Việt Nam ( Loại hình doanh nghiệp công ty TNHH)- Viễn Thông Thành Phố Hồ Chí Minh | F54: '0300954529 | G54: cước điện thoại VNPT T04-2026 | H54: 163636 | I54: 10 | J54: 16364 | K54: CK | L54: GL | M54: '1367 | N54: 46173 | O54: 46173 | P54: 180000 | Q54: Không xác định | R54: THANH5DT.HCM.VTA | S54: Not Reversed | T54: =IF(OR(LEN(F54)=11,LEN(F54)=15),"Đ","SAI") -> Đ | U54: =ROUND(H54*I54%,0)-J54 -> 0 | V54: =IF(Q54=$V$12,13313,13311) -> 13311
A55: 38 | B55: 1K26THE | C55: '583895 | D55: 46144 | E55: CN Tập đoàn bưu chính viễn thông Việt Nam ( Loại hình doanh nghiệp công ty TNHH)- Viễn Thông Thành Phố Hồ Chí Minh | F55: '0300954529 | G55: cước điện thoại VNPT T04-2026 | H55: 550562 | I55: 10 | J55: 55056 | K55: CK | L55: GL | M55: '1367 | N55: 46173 | O55: 46173 | P55: 605618 | Q55: Không xác định | R55: THANH5DT.HCM.VTA | S55: Not Reversed | T55: =IF(OR(LEN(F55)=11,LEN(F55)=15),"Đ","SAI") -> Đ | U55: =ROUND(H55*I55%,0)-J55 -> 0 | V55: =IF(Q55=$V$12,13313,13311) -> 13311
A56: 39 | B56: 1K26THE | C56: '588802 | D56: 46144 | E56: CN Tập đoàn bưu chính viễn thông Việt Nam ( Loại hình doanh nghiệp công ty TNHH)- Viễn Thông Thành Phố Hồ Chí Minh | F56: '0300954529 | G56: cước điện thoại VNPT T04-2026 | H56: 20213 | I56: 10 | J56: 2021 | K56: CK | L56: GL | M56: '1367 | N56: 46173 | O56: 46173 | P56: 22234 | Q56: Không xác định | R56: THANH5DT.HCM.VTA | S56: Not Reversed | T56: =IF(OR(LEN(F56)=11,LEN(F56)=15),"Đ","SAI") -> Đ | U56: =ROUND(H56*I56%,0)-J56 -> 0 | V56: =IF(Q56=$V$12,13313,13311) -> 13311
A57: 40 | B57: 1K26THE | C57: '592190 | D57: 46144 | E57: CN Tập đoàn bưu chính viễn thông Việt Nam ( Loại hình doanh nghiệp công ty TNHH)- Viễn Thông Thành Phố Hồ Chí Minh | F57: '0300954529 | G57: cước điện thoại VNPT T04-2026 | H57: 306465 | I57: 10 | J57: 30647 | K57: CK | L57: GL | M57: '1367 | N57: 46173 | O57: 46173 | P57: 337112 | Q57: Không xác định | R57: THANH5DT.HCM.VTA | S57: Not Reversed | T57: =IF(OR(LEN(F57)=11,LEN(F57)=15),"Đ","SAI") -> Đ | U57: =ROUND(H57*I57%,0)-J57 -> 0 | V57: =IF(Q57=$V$12,13313,13311) -> 13311
A58: 41 | B58: 1K26THE | C58: '596855 | D58: 46144 | E58: CN Tập đoàn bưu chính viễn thông Việt Nam ( Loại hình doanh nghiệp công ty TNHH)- Viễn Thông Thành Phố Hồ Chí Minh | F58: '0300954529 | G58: cước điện thoại VNPT T04-2026 | H58: 144545 | I58: 10 | J58: 14455 | K58: CK | L58: GL | M58: '1367 | N58: 46173 | O58: 46173 | P58: 159000 | Q58: Không xác định | R58: THANH5DT.HCM.VTA | S58: Not Reversed | T58: =IF(OR(LEN(F58)=11,LEN(F58)=15),"Đ","SAI") -> Đ | U58: =ROUND(H58*I58%,0)-J58 -> 0 | V58: =IF(Q58=$V$12,13313,13311) -> 13311
A59: 42 | B59: 1K26THE | C59: '624999 | D59: 46144 | E59: CN Tập đoàn bưu chính viễn thông Việt Nam ( Loại hình doanh nghiệp công ty TNHH)- Viễn Thông Thành Phố Hồ Chí Minh | F59: '0300954529 | G59: cước điện thoại VNPT T04-2026 | H59: 53885 | I59: 10 | J59: 5389 | K59: CK | L59: GL | M59: '1367 | N59: 46173 | O59: 46173 | P59: 59274 | Q59: Không xác định | R59: THANH5DT.HCM.VTA | S59: Not Reversed | T59: =IF(OR(LEN(F59)=11,LEN(F59)=15),"Đ","SAI") -> Đ | U59: =ROUND(H59*I59%,0)-J59 -> 0 | V59: =IF(Q59=$V$12,13313,13311) -> 13311
A60: 43 | B60: 1K26THE | C60: '625565 | D60: 46144 | E60: CN Tập đoàn bưu chính viễn thông Việt Nam ( Loại hình doanh nghiệp công ty TNHH)- Viễn Thông Thành Phố Hồ Chí Minh | F60: '0300954529 | G60: cước điện thoại VNPT T04-2026 | H60: 20000 | I60: 10 | J60: 2000 | K60: CK | L60: GL | M60: '1367 | N60: 46173 | O60: 46173 | P60: 22000 | Q60: Không xác định | R60: THANH5DT.HCM.VTA | S60: Not Reversed | T60: =IF(OR(LEN(F60)=11,LEN(F60)=15),"Đ","SAI") -> Đ | U60: =ROUND(H60*I60%,0)-J60 -> 0 | V60: =IF(Q60=$V$12,13313,13311) -> 13311
A61: 44 | B61: 1K26THE | C61: '630991 | D61: 46144 | E61: CN Tập đoàn bưu chính viễn thông Việt Nam ( Loại hình doanh nghiệp công ty TNHH)- Viễn Thông Thành Phố Hồ Chí Minh | F61: '0300954529 | G61: cước điện thoại VNPT T04-2026 | H61: 90000 | I61: 10 | J61: 9000 | K61: CK | L61: GL | M61: '1367 | N61: 46173 | O61: 46173 | P61: 99000 | Q61: Không xác định | R61: THANH5DT.HCM.VTA | S61: Not Reversed | T61: =IF(OR(LEN(F61)=11,LEN(F61)=15),"Đ","SAI") -> Đ | U61: =ROUND(H61*I61%,0)-J61 -> 0 | V61: =IF(Q61=$V$12,13313,13311) -> 13311
... A208: 191 | B208: 1C26TSE | C208: '349 | D208: 46111 | E208: Công Ty Cổ Phần Thiết Bị Điện Sài Gòn | F208: '0301413755 | G208: Cầu chì ống 24KV | H208: 43185000 | I208: 8 | J208: 3454800 | K208: AP0526-Y1 | L208: GL | M208: '1368 | N208: 46173 | O208: 46173 | P208: 46639800 | Q208: Không xác định | R208: HUENT.HCM.VTA | S208: Not Reversed | T208: =IF(OR(LEN(F208)=11,LEN(F208)=15),"Đ","SAI") -> Đ | U208: =ROUND(H208*I208%,0)-J208 -> 0 | V208: =IF(Q208=$V$12,13313,13311) -> 13311
A209: 192 | B209: 1C26TAX | C209: '208 | D209: 46146 | E209: Công ty TNHH kiểm toán và tư vấn thuế ATAX | F209: '0400544325 | G209: Chi phí kiểm toán | H209: 72222222 | I209: 8 | J209: 5777778 | L209: GL | M209: '1369 | N209: 46173 | O209: 46173 | P209: 78000000 | Q209: ĐẦU TƯ XÂY DỰNG | R209: HIENNTK.HCM.VTA | S209: Not Reversed | T209: =IF(OR(LEN(F209)=11,LEN(F209)=15),"Đ","SAI") -> Đ | U209: =ROUND(H209*I209%,0)-J209 -> 0 | V209: =IF(Q209=$V$12,13313,13311) -> 13313
A210: 193 | B210: 1C26TAX | C210: '209 | D210: 46146 | E210: Công ty TNHH kiểm toán và tư vấn thuế ATAX | F210: '0400544325 | G210: Chi phí kiểm toán | H210: 55648148 | I210: 8 | J210: 4451852 | L210: GL | M210: '1369 | N210: 46173 | O210: 46173 | P210: 60100000 | Q210: ĐẦU TƯ XÂY DỰNG | R210: HIENNTK.HCM.VTA | S210: Not Reversed | T210: =IF(OR(LEN(F210)=11,LEN(F210)=15),"Đ","SAI") -> Đ | U210: =ROUND(H210*I210%,0)-J210 -> 0 | V210: =IF(Q210=$V$12,13313,13311) -> 13313
A211: 194 | B211: 1C26TVU | C211: '367 | D211: 46146 | E211: Công ty TNHH kiểm toán Việt Úc | F211: '0305277616 | G211: Chi phí kiểm toán | H211: 68577778 | I211: 8 | J211: 5486222 | L211: GL | M211: '1369 | N211: 46173 | O211: 46173 | P211: 74064000 | Q211: ĐẦU TƯ XÂY DỰNG | R211: HIENNTK.HCM.VTA | S211: Not Reversed | T211: =IF(OR(LEN(F211)=11,LEN(F211)=15),"Đ","SAI") -> Đ | U211: =ROUND(H211*I211%,0)-J211 -> 0 | V211: =IF(Q211=$V$12,13313,13311) -> 13313
A212: 195 | B212: 1C26TPT | C212: '71 | D212: 46146 | E212: Công ty TNHH kiểm toán quốc tế PNT | F212: '0102133859 | G212: Chi phí kiểm toán | H212: 67392593 | I212: 8 | J212: 5391407 | L212: GL | M212: '1369 | N212: 46173 | O212: 46173 | P212: 72784000 | Q212: ĐẦU TƯ XÂY DỰNG | R212: HIENNTK.HCM.VTA | S212: Not Reversed | T212: =IF(OR(LEN(F212)=11,LEN(F212)=15),"Đ","SAI") -> Đ | U212: =ROUND(H212*I212%,0)-J212 -> 0 | V212: =IF(Q212=$V$12,13313,13311) -> 13313
A213: 196 | B213: 1K26TAM | C213: '124 | D213: 46150 | E213: Công ty tư vấn điện miền Nam - Chi nhánh Tổng công ty Điện lực miền Nam TNHH | F213: '0300942001-047 | G213: Điều chỉnh giảm chi phí khảo sát | H213: -37453684 | I213: 8 | J213: -2996294 | L213: GL | M213: '1369 | N213: 46173 | O213: 46173 | P213: -40449978 | Q213: ĐẦU TƯ XÂY DỰNG | R213: HIENNTK.HCM.VTA | S213: Not Reversed | T213: =IF(OR(LEN(F213)=11,LEN(F213)=15),"Đ","SAI") -> Đ | U213: =ROUND(H213*I213%,0)-J213 -> -1 | V213: =IF(Q213=$V$12,13313,13311) -> 13313
A214: 197 | B214: 1C26TTT | C214: '38 | D214: 46134 | E214: Công ty TNHH Tâm Tiến | F214: '3500746553 | G214: Chi phí xây lắp | H214: 2220916027 | I214: 8 | J214: 177673281 | L214: GL | M214: '1369 | N214: 46173 | O214: 46173 | P214: 2398589308 | Q214: ĐẦU TƯ XÂY DỰNG | R214: HIENNTK.HCM.VTA | S214: Not Reversed | T214: =IF(OR(LEN(F214)=11,LEN(F214)=15),"Đ","SAI") -> Đ | U214: =ROUND(H214*I214%,0)-J214 -> 1 | V214: =IF(Q214=$V$12,13313,13311) -> 13313
A215: 198 | B215: 1C26TAX | C215: '160 | D215: 46112 | E215: Công ty TNHH kiểm toán và tư vấn thuế ATAX | F215: '0400544325 | G215: Chi phí kiểm toán | H215: 42500000 | I215: 8 | J215: 3400000 | L215: GL | M215: '1369 | N215: 46173 | O215: 46173 | P215: 45900000 | Q215: ĐẦU TƯ XÂY DỰNG | R215: HIENNTK.HCM.VTA | S215: Not Reversed | T215: =IF(OR(LEN(F215)=11,LEN(F215)=15),"Đ","SAI") -> Đ | U215: =ROUND(H215*I215%,0)-J215 -> 0 | V215: =IF(Q215=$V$12,13313,13311) -> 13313
A216: 199 | B216: 1C26TAX | C216: '161 | D216: 46112 | E216: Công ty TNHH kiểm toán và tư vấn thuế ATAX | F216: '0400544325 | G216: Chi phí kiểm toán | H216: 128703704 | I216: 8 | J216: 10296296 | L216: GL | M216: '1369 | N216: 46173 | O216: 46173 | P216: 139000000 | Q216: ĐẦU TƯ XÂY DỰNG | R216: HIENNTK.HCM.VTA | S216: Not Reversed | T216: =IF(OR(LEN(F216)=11,LEN(F216)=15),"Đ","SAI") -> Đ | U216: =ROUND(H216*I216%,0)-J216 -> 0 | V216: =IF(Q216=$V$12,13313,13311) -> 13313
A217: 200 | B217: 1C26TAX | C217: '162 | D217: 46112 | E217: Công ty TNHH kiểm toán và tư vấn thuế ATAX | F217: '0400544325 | G217: Chi phí kiểm toán | H217: 116666667 | I217: 8 | J217: 9333333 | L217: GL | M217: '1369 | N217: 46173 | O217: 46173 | P217: 126000000 | Q217: ĐẦU TƯ XÂY DỰNG | R217: HIENNTK.HCM.VTA | S217: Not Reversed | T217: =IF(OR(LEN(F217)=11,LEN(F217)=15),"Đ","SAI") -> Đ | U217: =ROUND(H217*I217%,0)-J217 -> 0 | V217: =IF(Q217=$V$12,13313,13311) -> 13313
A218: 201 | B218: 1K26TKA | C218: '25504 | D218: 46084 | E218: TỔNG CÔNG TY HÀNG KHÔNG VIỆT NAM - CTCB | F218: '0100107518 | G218: hóa đơn vé máy bay Côn Đảo | H218: 1366593 | I218: 8 | J218: 109407 | K218: CK | L218: GL | M218: '1370 | N218: 46173 | O218: 46173 | P218: 1476000 | Q218: Không xác định | R218: THAOPTT.HCM.VTA | S218: Not Reversed | T218: =IF(OR(LEN(F218)=11,LEN(F218)=15),"Đ","SAI") -> Đ | U218: =ROUND(H218*I218%,0)-J218 -> -80 | V218: =IF(Q218=$V$12,13313,13311) -> 13311
A219: 202 | B219: 1C26TBT | C219: '1004 | D219: 46146 | E219: CÔNG TY TNHH TMDV DU LỊCH BÁ THẮNG | F219: '3502512800 | G219: Ăn uống | H219: 13636 | I219: 10 | J219: 1364 | K219: CK | L219: GL | M219: '1370 | N219: 46173 | O219: 46173 | P219: 15000 | Q219: Không xác định | R219: THAOPTT.HCM.VTA | S219: Not Reversed | T219: =IF(OR(LEN(F219)=11,LEN(F219)=15),"Đ","SAI") -> Đ | U219: =ROUND(H219*I219%,0)-J219 -> 0 | V219: =IF(Q219=$V$12,13313,13311) -> 13311
A220: 203 | B220: 1C26TBT | C220: '1004 | D220: 46146 | E220: CÔNG TY TNHH TMDV DU LỊCH BÁ THẮNG | F220: '3502512800 | G220: Ăn uống | H220: 3698148 | I220: 8 | J220: 295852 | K220: CK | L220: GL | M220: '1370 | N220: 46173 | O220: 46173 | P220: 3994000 | Q220: Không xác định | R220: THAOPTT.HCM.VTA | S220: Not Reversed | T220: =IF(OR(LEN(F220)=11,LEN(F220)=15),"Đ","SAI") -> Đ | U220: =ROUND(H220*I220%,0)-J220 -> 0 | V220: =IF(Q220=$V$12,13313,13311) -> 13311
A221: 204 | B221: 1C26TBT | C221: '1023 | D221: 46148 | E221: CÔNG TY TNHH TMDV DU LỊCH BÁ THẮNG | F221: '3502512800 | G221: Ăn uống | H221: 68182 | I221: 10 | J221: 6818 | K221: CK | L221: GL | M221: '1370 | N221: 46173 | O221: 46173 | P221: 75000 | Q221: Không xác định | R221: THAOPTT.HCM.VTA | S221: Not Reversed | T221: =IF(OR(LEN(F221)=11,LEN(F221)=15),"Đ","SAI") -> Đ | U221: =ROUND(H221*I221%,0)-J221 -> 0 | V221: =IF(Q221=$V$12,13313,13311) -> 13311
A222: 205 | B222: 1C26TBT | C222: '1023 | D222: 46148 | E222: CÔNG TY TNHH TMDV DU LỊCH BÁ THẮNG | F222: '3502512800 | G222: Ăn uống | H222: 4099076 | I222: 8 | J222: 327924 | K222: CK | L222: GL | M222: '1370 | N222: 46173 | O222: 46173 | P222: 4427000 | Q222: Không xác định | R222: THAOPTT.HCM.VTA | S222: Not Reversed | T222: =IF(OR(LEN(F222)=11,LEN(F222)=15),"Đ","SAI") -> Đ | U222: =ROUND(H222*I222%,0)-J222 -> 2 | V222: =IF(Q222=$V$12,13313,13311) -> 13311
A223: 206 | B223: 1C26MAT | C223: '1162 | D223: 46148 | E223: CÔNG TY TNHH ĐẦU TƯ VÀ PHÁT TRIỂN ẨM THỰC THIÊN HƯƠNG | F223: '3502547056 | G223: Ăn uống | H223: 4108334 | I223: 8 | J223: 328666 | K223: CK | L223: GL | M223: '1370 | N223: 46173 | O223: 46173 | P223: 4437000 | Q223: Không xác định | R223: THAOPTT.HCM.VTA | S223: Not Reversed | T223: =IF(OR(LEN(F223)=11,LEN(F223)=15),"Đ","SAI") -> Đ | U223: =ROUND(H223*I223%,0)-J223 -> 1 | V223: =IF(Q223=$V$12,13313,13311) -> 13311
A224: 207 | B224: 1C26MAT | C224: '1162 | D224: 46148 | E224: CÔNG TY TNHH ĐẦU TƯ VÀ PHÁT TRIỂN ẨM THỰC THIÊN HƯƠNG | F224: '3502547056 | G224: Ăn uống | H224: 81818 | I224: 10 | J224: 8182 | K224: CK | L224: GL | M224: '1370 | N224: 46173 | O224: 46173 | P224: 90000 | Q224: Không xác định | R224: THAOPTT.HCM.VTA | S224: Not Reversed | T224: =IF(OR(LEN(F224)=11,LEN(F224)=15),"Đ","SAI") -> Đ | U224: =ROUND(H224*I224%,0)-J224 -> 0 | V224: =IF(Q224=$V$12,13313,13311) -> 13311
A225: 208 | B225: 1C26MDT | C225: '1109 | D225: 46150 | E225: CÔNG TY TNHH - TMDV DU LỊCH NHÀ HÀNG ĐỒNG TÂM | F225: '3502508674 | G225: Ăn uống | H225: 72727 | I225: 10 | J225: 7273 | K225: CK | L225: GL | M225: '1370 | N225: 46173 | O225: 46173 | P225: 80000 | Q225: Không xác định | R225: THAOPTT.HCM.VTA | S225: Not Reversed | T225: =IF(OR(LEN(F225)=11,LEN(F225)=15),"Đ","SAI") -> Đ | U225: =ROUND(H225*I225%,0)-J225 -> 0 | V225: =IF(Q225=$V$12,13313,13311) -> 13311
A226: 209 | B226: 1C26MDT | C226: '1109 | D226: 46150 | E226: CÔNG TY TNHH - TMDV DU LỊCH NHÀ HÀNG ĐỒNG TÂM | F226: '3502508674 | G226: Ăn uống | H226: 4106482 | I226: 8 | J226: 328518 | K226: CK | L226: GL | M226: '1370 | N226: 46173 | O226: 46173 | P226: 4435000 | Q226: Không xác định | R226: THAOPTT.HCM.VTA | S226: Not Reversed | T226: =IF(OR(LEN(F226)=11,LEN(F226)=15),"Đ","SAI") -> Đ | U226: =ROUND(H226*I226%,0)-J226 -> 1 | V226: =IF(Q226=$V$12,13313,13311) -> 13311
A227: 210 | B227: 1C26MAT | C227: '1189 | D227: 46150 | E227: CÔNG TY TNHH ĐẦU TƯ VÀ PHÁT TRIỂN ẨM THỰC THIÊN HƯƠNG | F227: '3502547056 | G227: Ăn uống | H227: 4112964 | I227: 8 | J227: 329036 | K227: CK | L227: GL | M227: '1370 | N227: 46173 | O227: 46173 | P227: 4442000 | Q227: Không xác định | R227: THAOPTT.HCM.VTA | S227: Not Reversed | T227: =IF(OR(LEN(F227)=11,LEN(F227)=15),"Đ","SAI") -> Đ | U227: =ROUND(H227*I227%,0)-J227 -> 1 | V227: =IF(Q227=$V$12,13313,13311) -> 13311
A228: 211 | B228: 1C26MAT | C228: '1189 | D228: 46150 | E228: CÔNG TY TNHH ĐẦU TƯ VÀ PHÁT TRIỂN ẨM THỰC THIÊN HƯƠNG | F228: '3502547056 | G228: Ăn uống | H228: 54545 | I228: 10 | J228: 5455 | K228: CK | L228: GL | M228: '1370 | N228: 46173 | O228: 46173 | P228: 60000 | Q228: Không xác định | R228: THAOPTT.HCM.VTA | S228: Not Reversed | T228: =IF(OR(LEN(F228)=11,LEN(F228)=15),"Đ","SAI") -> Đ | U228: =ROUND(H228*I228%,0)-J228 -> 0 | V228: =IF(Q228=$V$12,13313,13311) -> 13311
A229: 212 | B229: 1C26TBT | C229: '1086 | D229: 46153 | E229: CÔNG TY TNHH TMDV DU LỊCH BÁ THẮNG | F229: '3502512800 | G229: Ăn uống | H229: 4183333 | I229: 8 | J229: 334667 | K229: CK | L229: GL | M229: '1370 | N229: 46173 | O229: 46173 | P229: 4518000 | Q229: Không xác định | R229: THAOPTT.HCM.VTA | S229: Not Reversed | T229: =IF(OR(LEN(F229)=11,LEN(F229)=15),"Đ","SAI") -> Đ | U229: =ROUND(H229*I229%,0)-J229 -> 0 | V229: =IF(Q229=$V$12,13313,13311) -> 13311
... A391: 374 | B391: 1C26TKD | C391: '5 | D391: 46147 | E391: Công ty Trách Nhiệm Hữu Hạn TM Khang Khang Đạt | F391: '3502439491 | G391: ĐIỆN MTMN T04-2026 | H391: 239349025 | I391: 8 | J391: 19147922 | K391: CK | L391: GL | M391: '1371 | N391: 46173 | O391: 46173 | P391: 258496947 | Q391: Năng lượng mặt trời | R391: THAOPTT.HCM.VTA | S391: Not Reversed | T391: =IF(OR(LEN(F391)=11,LEN(F391)=15),"Đ","SAI") -> Đ | U391: =ROUND(H391*I391%,0)-J391 -> 0 | V391: =IF(Q391=$V$12,13313,13311) -> 13311
A392: 375 | B392: 0 | C392: '5385 | D392: 46147 | E392: Công Ty TNHH Thiết Bị Điện Hoàng Sơn | F392: '3502353646 | G392: ĐIỆN MTMN T04-2026 | H392: 6201330 | I392: 8 | J392: 496106 | K392: CK | L392: GL | M392: '1371 | N392: 46173 | O392: 46173 | P392: 6697436 | Q392: Năng lượng mặt trời | R392: THAOPTT.HCM.VTA | S392: Not Reversed | T392: =IF(OR(LEN(F392)=11,LEN(F392)=15),"Đ","SAI") -> Đ | U392: =ROUND(H392*I392%,0)-J392 -> 0 | V392: =IF(Q392=$V$12,13313,13311) -> 13311
A393: 376 | B393: 1K25TPM | C393: '544 | D393: 46147 | E393: Công ty Nhiệt điện Phú Mỹ - Chi nhánh Tổng Công ty Phát điện 3 - Công ty Cổ phần | F393: '3502208399-010 | G393: ĐIỆN MTMN T04-2026 | H393: 39009860 | I393: 8 | J393: 3120789 | K393: CK | L393: GL | M393: '1371 | N393: 46173 | O393: 46173 | P393: 42130649 | Q393: Năng lượng mặt trời | R393: THAOPTT.HCM.VTA | S393: Not Reversed | T393: =IF(OR(LEN(F393)=11,LEN(F393)=15),"Đ","SAI") -> Đ | U393: =ROUND(H393*I393%,0)-J393 -> 0 | V393: =IF(Q393=$V$12,13313,13311) -> 13311
A394: 377 | B394: 1C26TPN | C394: '55 | D394: 46147 | E394: Công Ty Cổ Phần Đầu Tư Phương Nam | F394: '1300498814 | G394: ĐIỆN MTMN T04-2026 | H394: 69370275 | I394: 8 | J394: 5549622 | K394: CK | L394: GL | M394: '1371 | N394: 46173 | O394: 46173 | P394: 74919897 | Q394: Năng lượng mặt trời | R394: THAOPTT.HCM.VTA | S394: Not Reversed | T394: =IF(OR(LEN(F394)=11,LEN(F394)=15),"Đ","SAI") -> Đ | U394: =ROUND(H394*I394%,0)-J394 -> 0 | V394: =IF(Q394=$V$12,13313,13311) -> 13311
A395: 378 | B395: 1C26TTC | C395: '552 | D395: 46147 | E395: Công Ty TNHH Dịch Vụ Vận Tải Trung Việt | F395: '3500441720 | G395: ĐIỆN MTMN T04-2026 | H395: 3965820 | I395: 8 | J395: 317266 | K395: CK | L395: GL | M395: '1371 | N395: 46173 | O395: 46173 | P395: 4283086 | Q395: Năng lượng mặt trời | R395: THAOPTT.HCM.VTA | S395: Not Reversed | T395: =IF(OR(LEN(F395)=11,LEN(F395)=15),"Đ","SAI") -> Đ | U395: =ROUND(H395*I395%,0)-J395 -> 0 | V395: =IF(Q395=$V$12,13313,13311) -> 13311
A396: 379 | B396: 1C26TTC | C396: '553 | D396: 46147 | E396: Công Ty TNHH Dịch Vụ Vận Tải Trung Việt | F396: '3500441720 | G396: ĐIỆN MTMN T04-2026 | H396: 2279715 | I396: 8 | J396: 182377 | K396: CK | L396: GL | M396: '1371 | N396: 46173 | O396: 46173 | P396: 2462092 | Q396: Năng lượng mặt trời | R396: THAOPTT.HCM.VTA | S396: Not Reversed | T396: =IF(OR(LEN(F396)=11,LEN(F396)=15),"Đ","SAI") -> Đ | U396: =ROUND(H396*I396%,0)-J396 -> 0 | V396: =IF(Q396=$V$12,13313,13311) -> 13311
A397: 380 | B397: 1C26TVL | C397: '601 | D397: 46147 | E397: Công ty TNHH Kho Vận Việt Thăng Long | F397: '0303019560 | G397: ĐIỆN MTMN T04-2026 | H397: 305182900 | I397: 8 | J397: 24414632 | K397: CK | L397: GL | M397: '1371 | N397: 46173 | O397: 46173 | P397: 329597532 | Q397: Năng lượng mặt trời | R397: THAOPTT.HCM.VTA | S397: Not Reversed | T397: =IF(OR(LEN(F397)=11,LEN(F397)=15),"Đ","SAI") -> Đ | U397: =ROUND(H397*I397%,0)-J397 -> 0 | V397: =IF(Q397=$V$12,13313,13311) -> 13311
A398: 381 | B398: 1C26TVV | C398: '64 | D398: 46147 | E398: Công Ty Trách Nhiệm Hữu Hạn Quốc Tế Việt An | F398: '3501202972 | G398: ĐIỆN MTMN T04-2026 | H398: 13312020 | I398: 8 | J398: 1064962 | K398: CK | L398: GL | M398: '1371 | N398: 46173 | O398: 46173 | P398: 14376982 | Q398: Năng lượng mặt trời | R398: THAOPTT.HCM.VTA | S398: Not Reversed | T398: =IF(OR(LEN(F398)=11,LEN(F398)=15),"Đ","SAI") -> Đ | U398: =ROUND(H398*I398%,0)-J398 -> 0 | V398: =IF(Q398=$V$12,13313,13311) -> 13311
A399: 382 | B399: 1C26TYY | C399: '68 | D399: 46147 | E399: Công ty Cổ phần năng lượng IREX | F399: '0311974661 | G399: ĐIỆN MTMN T04-2026 | H399: 111472380 | I399: 8 | J399: 8917790 | K399: CK | L399: GL | M399: '1371 | N399: 46173 | O399: 46173 | P399: 120390170 | Q399: Năng lượng mặt trời | R399: THAOPTT.HCM.VTA | S399: Not Reversed | T399: =IF(OR(LEN(F399)=11,LEN(F399)=15),"Đ","SAI") -> Đ | U399: =ROUND(H399*I399%,0)-J399 -> 0 | V399: =IF(Q399=$V$12,13313,13311) -> 13311
A400: 383 | B400: C26TNH | C400: '75 | D400: 46147 | E400: CÔNG TY CỔ PHẦN NHẬT HÀO PHÚ MỸ | F400: '3502281906 | G400: ĐIỆN MTMN T04-2026 | H400: 195765 | I400: 8 | J400: 15661 | K400: CK | L400: GL | M400: '1371 | N400: 46173 | O400: 46173 | P400: 211426 | Q400: Năng lượng mặt trời | R400: THAOPTT.HCM.VTA | S400: Not Reversed | T400: =IF(OR(LEN(F400)=11,LEN(F400)=15),"Đ","SAI") -> Đ | U400: =ROUND(H400*I400%,0)-J400 -> 0 | V400: =IF(Q400=$V$12,13313,13311) -> 13311
A401: 384 | B401: 1C26TQS | C401: '77 | D401: 46147 | E401: CÔNG TY TNHH QUANG SÁNG | F401: '3500385868 | G401: ĐIỆN MTMN T04-2026 | H401: 3441675 | I401: 8 | J401: 275334 | K401: CK | L401: GL | M401: '1371 | N401: 46173 | O401: 46173 | P401: 3717009 | Q401: Năng lượng mặt trời | R401: THAOPTT.HCM.VTA | S401: Not Reversed | T401: =IF(OR(LEN(F401)=11,LEN(F401)=15),"Đ","SAI") -> Đ | U401: =ROUND(H401*I401%,0)-J401 -> 0 | V401: =IF(Q401=$V$12,13313,13311) -> 13311
A402: 385 | B402: 1C26TQS | C402: '78 | D402: 46147 | E402: CÔNG TY TNHH QUANG SÁNG | F402: '3500385868 | G402: ĐIỆN MTMN T04-2026 | H402: 930410 | I402: 8 | J402: 74433 | K402: CK | L402: GL | M402: '1371 | N402: 46173 | O402: 46173 | P402: 1004843 | Q402: Năng lượng mặt trời | R402: THAOPTT.HCM.VTA | S402: Not Reversed | T402: =IF(OR(LEN(F402)=11,LEN(F402)=15),"Đ","SAI") -> Đ | U402: =ROUND(H402*I402%,0)-J402 -> 0 | V402: =IF(Q402=$V$12,13313,13311) -> 13311
A403: 386 | B403: 1C26TYY | C403: '8 | D403: 46147 | E403: Công ty Cổ Phần Năng Lượng Tái Tạo Sông Thao | F403: '0109325038 | G403: ĐIỆN MTMN T04-2026 | H403: 237976565 | I403: 8 | J403: 19038125 | K403: CK | L403: GL | M403: '1371 | N403: 46173 | O403: 46173 | P403: 257014690 | Q403: Năng lượng mặt trời | R403: THAOPTT.HCM.VTA | S403: Not Reversed | T403: =IF(OR(LEN(F403)=11,LEN(F403)=15),"Đ","SAI") -> Đ | U403: =ROUND(H403*I403%,0)-J403 -> 0 | V403: =IF(Q403=$V$12,13313,13311) -> 13311
A404: 387 | B404: 1C26TSP | C404: '80 | D404: 46147 | E404: Công ty TNHH Chất Lượng Toàn Cầu SUPERIOR | F404: '3502398943 | G404: ĐIỆN MTMN T04-2026 | H404: 3081720 | I404: 8 | J404: 246538 | K404: CK | L404: GL | M404: '1371 | N404: 46173 | O404: 46173 | P404: 3328258 | Q404: Năng lượng mặt trời | R404: THAOPTT.HCM.VTA | S404: Not Reversed | T404: =IF(OR(LEN(F404)=11,LEN(F404)=15),"Đ","SAI") -> Đ | U404: =ROUND(H404*I404%,0)-J404 -> 0 | V404: =IF(Q404=$V$12,13313,13311) -> 13311
... A480: 463 | B480: 1C26TVT | C480: '154 | D480: 46134 | E480: Cty TNHH Kiểm Toán Vũng Tàu | F480: '3500770612 | G480: ĐIỆN MTMN T03-2026 | H480: 1450345 | I480: 8 | J480: 116028 | K480: CK | L480: GL | M480: '1371 | N480: 46173 | O480: 46173 | P480: 1566373 | Q480: Năng lượng mặt trời | R480: THAOPTT.HCM.VTA | S480: Not Reversed | T480: =IF(OR(LEN(F480)=11,LEN(F480)=15),"Đ","SAI") -> Đ | U480: =ROUND(H480*I480%,0)-J480 -> 0 | V480: =IF(Q480=$V$12,13313,13311) -> 13311
A481: 464 | B481: 1C26THP | C481: '01 | D481: 46055 | E481: Công ty TNHH TMDV Hùng Phát Vũng Tàu | F481: '3502462469 | G481: khối lượng xây lắp | H481: 41562832 | I481: 8 | J481: 3325027 | L481: GL | M481: '1373 | N481: 46173 | O481: 46173 | P481: 44887859 | Q481: ĐẦU TƯ XÂY DỰNG | R481: HIENNTK.HCM.VTA | S481: Not Reversed | T481: =IF(OR(LEN(F481)=11,LEN(F481)=15),"Đ","SAI") -> Đ | U481: =ROUND(H481*I481%,0)-J481 -> 0 | V481: =IF(Q481=$V$12,13313,13311) -> 13313
A482: 465 | B482: 1C26TPN | C482: '20 | D482: 46164 | E482: Công ty cổ phần xây dựng thương mại Sang Phương Nam | F482: '1801386854 | G482: khối lượng xây lắp | H482: 1487534932 | I482: 8 | J482: 119002795 | L482: GL | M482: '1373 | N482: 46173 | O482: 46173 | P482: 1606537727 | Q482: ĐẦU TƯ XÂY DỰNG | R482: HIENNTK.HCM.VTA | S482: Not Reversed | T482: =IF(OR(LEN(F482)=11,LEN(F482)=15),"Đ","SAI") -> Đ | U482: =ROUND(H482*I482%,0)-J482 -> 0 | V482: =IF(Q482=$V$12,13313,13311) -> 13313
...

Sheet 13311
A1: TỔNG CÔNG TY ĐIỆN LỰC THÀNH PHỐ HỒ CHÍ MINH TNHH | I1: =E11 -> 79821540914 | K1: Tài khoản:
A2: CHI NHÁNH TỔNG CÔNG TY ĐIỆN LỰC THÀNH PHỐ HỒ CHÍ MINH TNHH - CÔNG TY ĐIỆN LỰC VŨNG TÀU | I2: Nợ | K2: 13311 | L2: =SUMIF($J:$J,$K2,$I:$I) -> 105695245168
A3: SỔ CHI TIẾT THEO TÀI KHOẢN THUẾ | K3: 13313 | L3: =SUMIF($J:$J,$K3,$I:$I) -> 1785491138
A4: Tài khoản: 1331 - Thuế GTGT được khấu trừ – Thuế GTGT được khấu trừ của hàng hoá, dịch vụ | I4: =E515 -> 78337261427 | L4: =SUM(L2:L3) -> 107480736306
A5: Loại hình: -
A6: Từ ngày: 01/05/2026 đến ngày: 31/05/2026
A9: CHỨNG TỪ | D9: DIỄN GIẢI | E9: PHÁT SINH NỢ | F9: PHÁT SINH CÓ | G9: Người hạch toán | H9: Trạng thái | I9: phát sinh
A10: Ngày chứng từ | B10: Số chứng từ | C10: Nguồn chứng từ | I10: Nợ 133
A11: Tài khoản: 13311000000 | D11: Dư đầu kỳ | E11: 79821540914 | J11: =IF(LEFT(A11,11)="Tài khoản: ",MID(A11,12,5),J10) -> 13311
A12: 46149 | B12: 'R0526ĐTT0300 | C12: AR_REC | D12: Chuyển trả phí chuyển tiền T05/2026 BIDV HĐS 00013363-07/05/2026 | E12: 70000 | G12: QUYENNN.HCM.VTA | H12: Final to Post | I12: =IF(LEN(A12)=5,E12,0) -> 70000 | J12: =IF(LEFT(A12,11)="Tài khoản: ",MID(A12,12,5),J11) -> 13311
A13: 46150 | B13: 'R0526SC0481 | C13: AR_REC | D13: Chuyển TT tiền dịch vụ bảo vệ T4/26 cho CTy Chính Tín Nghĩa theo Hđơn 42-30/04/26 | E13: 10240000 | G13: HUENT.HCM.VTA | H13: Final to Post | I13: =IF(LEN(A13)=5,E13,0) -> 10240000 | J13: =IF(LEFT(A13,11)="Tài khoản: ",MID(A13,12,5),J12) -> 13311
A14: 46150 | B14: 'R0526ĐTT0304 | C14: AR_REC | D14: Chuyển trả phí quản lý tài khoản T05/2026+duy trì dịch vụ T04/2026 BIDV HĐS 00013831-08/05/2026 | E14: 10000 | G14: QUYENNN.HCM.VTA | H14: Final to Post | I14: =IF(LEN(A14)=5,E14,0) -> 10000 | J14: =IF(LEFT(A14,11)="Tài khoản: ",MID(A14,12,5),J13) -> 13311
A15: 46156 | B15: 'R0526ĐTT0316 | C15: AR_REC | D15: Chuyển trả phí chuyển tiền PCVT chuyển từ tk chuyên thu tiền điện sang tk thu chi SXK T03+04/2026 theo tờ trình số 28 TCKT ngày 12/05/2026 qua NH Đầu Tư | E15: 2000 | G15: QUYENNN.HCM.VTA | H15: Final to Post | I15: =IF(LEN(A15)=5,E15,0) -> 2000 | J15: =IF(LEFT(A15,11)="Tài khoản: ",MID(A15,12,5),J14) -> 13311
A16: 46157 | B16: 'R0526SC0495 | C16: AR_REC | D16: Thanh toán chi phí mua teabreak Hội nghị sơ kết công tác KD&DVKh Q1-26 - Hóa đơn 8599/09.12.2025 | E16: 548149 | G16: THAOPTT.HCM.VTA | H16: Final to Post | I16: =IF(LEN(A16)=5,E16,0) -> 548149 | J16: =IF(LEFT(A16,11)="Tài khoản: ",MID(A16,12,5),J15) -> 13311
A17: 46157 | B17: 'R0526ĐTT0321 | C17: AR_REC | D17: Chuyển trả phí chuyển tiền T05/2026 NH BIDV HĐS 00014216-15/05/2026 | E17: 70000 | G17: QUYENNN.HCM.VTA | H17: Final to Post | I17: =IF(LEN(A17)=5,E17,0) -> 70000 | J17: =IF(LEFT(A17,11)="Tài khoản: ",MID(A17,12,5),J16) -> 13311
A18: 46165 | B18: 'R0526AG028 | C18: AR_REC | D18: Thanh toán phí QLTK AGR Điện MTMN T05-2026 | E18: 1500 | G18: THAOPTT.HCM.VTA | H18: Final to Post | I18: =IF(LEN(A18)=5,E18,0) -> 1500 | J18: =IF(LEFT(A18,11)="Tài khoản: ",MID(A18,12,5),J17) -> 13311
A19: 46165 | B19: 'R0526NNT0337 | C19: AR_REC | D19: Chuyển trả phí quản lý tk T05/2026 NH Nông Nghiệp HĐS 00246799-23/05/2026 | E19: 1500 | G19: QUYENNN.HCM.VTA | H19: Final to Post | I19: =IF(LEN(A19)=5,E19,0) -> 1500 | J19: =IF(LEFT(A19,11)="Tài khoản: ",MID(A19,12,5),J18) -> 13311
A20: 46168 | B20: 'R0526ĐTT0345 | C20: AR_REC | D20: Chuyển trả phí chuyển tiền T05/2026 BIDV HĐS 00014767 ngày 26/05/2026 | E20: 70000 | G20: QUYENNN.HCM.VTA | H20: Final to Post | I20: =IF(LEN(A20)=5,E20,0) -> 70000 | J20: =IF(LEFT(A20,11)="Tài khoản: ",MID(A20,12,5),J19) -> 13311
A21: 46169 | B21: 'C0526C152 | C21: AR_REC | D21: Thanh toán tiền đặt ăn tiếp đoàn phóng viên EVNEIC đi truyền hình thực tế - Hóa đơn 2485/15.05.26 | E21: 351102 | G21: THAOPTT.HCM.VTA | H21: Final to Post | I21: =IF(LEN(A21)=5,E21,0) -> 351102 | J21: =IF(LEFT(A21,11)="Tài khoản: ",MID(A21,12,5),J20) -> 13311
A22: 46169 | B22: 'C0526C153 | C22: AR_REC | D22: Thanh toán tiền mua ắc quy xe 72C-217.64 hóa đơn 136/20.05.26 | E22: 85185 | G22: THAOPTT.HCM.VTA | H22: Final to Post | I22: =IF(LEN(A22)=5,E22,0) -> 85185 | J22: =IF(LEFT(A22,11)="Tài khoản: ",MID(A22,12,5),J21) -> 13311
A23: 46169 | B23: 'C0526C154 | C23: AR_REC | D23: Thanh toán chi phí lưu trú tham gia đào tạo "Biên tập dữ liệu lưới trên hệ thống GIS cho 05 PC thành lập mới" - Hóa đơn 84/31.01.26 | E23: 248000 | G23: THAOPTT.HCM.VTA | H23: Final to Post | I23: =IF(LEN(A23)=5,E23,0) -> 248000 | J23: =IF(LEFT(A23,11)="Tài khoản: ",MID(A23,12,5),J22) -> 13311
... A469: 46173 | B469: '1391 | C469: GL | D469: Khai thuế GTGT T05.26 (HD654-06.05.26_điện mua NB Tcty) | E469: 103359678984 | G469: TUAN2HM.HCM.VTA | H469: Post | I469: =IF(LEN(A469)=5,E469,0) -> 103359678984 | J469: =IF(LEFT(A469,11)="Tài khoản: ",MID(A469,12,5),J468) -> 13311
A470: 46173 | B470: '1492 | C470: GL | D470: Kết chuyển thuế GTGT từ 1331 về 3331 tháng 05/2026 | F470: 108965015793 | G470: TUAN2HM.HCM.VTA | H470: Post | I470: =IF(LEN(A470)=5,E470,0) -> 0 | J470: =IF(LEFT(A470,11)="Tài khoản: ",MID(A470,12,5),J469) -> 13311
A471: 46173 | B471: '1657 | C471: GL | D471: Đ/c Kết chuyển thuế GTGT từ 1331 về 3331 tháng 05/2026 | F471: -1785491138 | G471: TUAN2HM.HCM.VTA | H471: Unpost | I471: =IF(LEN(A471)=5,E471,0) -> 0 | J471: =IF(LEFT(A471,11)="Tài khoản: ",MID(A471,12,5),J470) -> 13311
D472: Cộng phát sinh | E472: 105695245168 | F472: 107179524655 | I472: =IF(LEN(A472)=5,E472,0) -> 0 | J472: =IF(LEFT(A472,11)="Tài khoản: ",MID(A472,12,5),J471) -> 13311
D473: Dư cuối kỳ | E473: 78337261427 | I473: =IF(LEN(A473)=5,E473,0) -> 0 | J473: =IF(LEFT(A473,11)="Tài khoản: ",MID(A473,12,5),J472) -> 13311
A474: Tài khoản: 13313000000 | D474: Dư đầu kỳ | I474: =IF(LEN(A474)=5,E474,0) -> 0 | J474: =IF(LEFT(A474,11)="Tài khoản: ",MID(A474,12,5),J473) -> 13313
A475: 46173 | B475: '1359 | C475: GL | D475: Kê khai VAT đầu vào tháng 5.26(XDCB) phí DVNH BIDV hóa đơn 14549/22.05.26 | E475: 314617 | G475: LINH3NTT.HCM.VTA | H475: Post | I475: =IF(LEN(A475)=5,E475,0) -> 314617 | J475: =IF(LEFT(A475,11)="Tài khoản: ",MID(A475,12,5),J474) -> 13313
A476: 46173 | B476: '1359 | C476: GL | D476: Kê khai VAT đầu vào tháng 5.26(XDCB) phí DVNH BIDV hóa đơn 14137/14.05.26 | E476: 87008 | G476: LINH3NTT.HCM.VTA | H476: Post | I476: =IF(LEN(A476)=5,E476,0) -> 87008 | J476: =IF(LEFT(A476,11)="Tài khoản: ",MID(A476,12,5),J475) -> 13313
A477: 46173 | B477: '1359 | C477: GL | D477: Kê khai VAT đầu vào tháng 5.26(XDCB) phí DVNH BIDV hóa đơn 13830/08.05.26 | E477: 5000 | G477: LINH3NTT.HCM.VTA | H477: Post | I477: =IF(LEN(A477)=5,E477,0) -> 5000 | J477: =IF(LEFT(A477,11)="Tài khoản: ",MID(A477,12,5),J476) -> 13313
A478: 46173 | B478: '1359 | C478: GL | D478: Kê khai VAT đầu vào tháng 5.26(XDCB) phí DVNH BIDV hóa đơn 14765/26.05.26 | E478: 24381 | G478: LINH3NTT.HCM.VTA | H478: Post | I478: =IF(LEN(A478)=5,E478,0) -> 24381 | J478: =IF(LEFT(A478,11)="Tài khoản: ",MID(A478,12,5),J477) -> 13313
A479: 46173 | B479: '1359 | C479: GL | D479: Kê khai VAT đầu vào tháng 5.26(XDCB) phí DVNH ACB hóa đơn 23620037/04.05.26 | E479: 2727 | G479: LINH3NTT.HCM.VTA | H479: Post | I479: =IF(LEN(A479)=5,E479,0) -> 2727 | J479: =IF(LEFT(A479,11)="Tài khoản: ",MID(A479,12,5),J478) -> 13313
A480: 46173 | B480: '1359 | C480: GL | D480: Kê khai VAT đầu vào tháng 5.26(XDCB) phí DVNH BIDV hóa đơn /29.05.26 | E480: 149456 | G480: LINH3NTT.HCM.VTA | H480: Post | I480: =IF(LEN(A480)=5,E480,0) -> 149456 | J480: =IF(LEFT(A480,11)="Tài khoản: ",MID(A480,12,5),J479) -> 13313
A481: 46173 | B481: '1359 | C481: GL | D481: Kê khai VAT đầu vào tháng 5.26(XDCB) phí DVNH BIDV hóa đơn 14855/28.05.26 | E481: 15124 | G481: LINH3NTT.HCM.VTA | H481: Post | I481: =IF(LEN(A481)=5,E481,0) -> 15124 | J481: =IF(LEFT(A481,11)="Tài khoản: ",MID(A481,12,5),J480) -> 13313
A482: 46173 | B482: '1359 | C482: GL | D482: Kết chuyển TK 13313_9000 qua TK 333111 | F482: 598313 | G482: LINH3NTT.HCM.VTA | H482: Post | I482: =IF(LEN(A482)=5,E482,0) -> 0 | J482: =IF(LEFT(A482,11)="Tài khoản: ",MID(A482,12,5),J481) -> 13313
A483: 46173 | B483: '1361 | C483: GL | D483: Thuế GTGT VTĐĐ- hđơn 760-26.05.26-TỔNG CÔNG TY ĐIỆN LỰC THÀNH PHỐ HỒ CHÍ MINH | E483: 376000000 | G483: THANH5DT.HCM.VTA | H483: Post | I483: =IF(LEN(A483)=5,E483,0) -> 376000000 | J483: =IF(LEFT(A483,11)="Tài khoản: ",MID(A483,12,5),J482) -> 13313
A484: 46173 | B484: '1361 | C484: GL | D484: Thuế GTGT VTĐĐ- hđơn 761-26.05.26-TỔNG CÔNG TY ĐIỆN LỰC THÀNH PHỐ HỒ CHÍ MINH | E484: 376000000 | G484: THANH5DT.HCM.VTA | H484: Post | I484: =IF(LEN(A484)=5,E484,0) -> 376000000 | J484: =IF(LEFT(A484,11)="Tài khoản: ",MID(A484,12,5),J483) -> 13313
A485: 46173 | B485: '1361 | C485: GL | D485: Thuế GTGT VTĐĐ- hđơn 752-25.05.26-TỔNG CÔNG TY ĐIỆN LỰC THÀNH PHỐ HỒ CHÍ MINH | E485: 144771840 | G485: THANH5DT.HCM.VTA | H485: Post | I485: =IF(LEN(A485)=5,E485,0) -> 144771840 | J485: =IF(LEFT(A485,11)="Tài khoản: ",MID(A485,12,5),J484) -> 13313
A486: 46173 | B486: '1361 | C486: GL | D486: Thuế GTGT VTĐĐ- hđơn 762-26.05.26-TỔNG CÔNG TY ĐIỆN LỰC THÀNH PHỐ HỒ CHÍ MINH | E486: 289543680 | G486: THANH5DT.HCM.VTA | H486: Post | I486: =IF(LEN(A486)=5,E486,0) -> 289543680 | J486: =IF(LEFT(A486,11)="Tài khoản: ",MID(A486,12,5),J485) -> 13313
A487: 46173 | B487: '1361 | C487: GL | D487: Thuế GTGT VTĐĐ- hđơn 780-27.05.26-TỔNG CÔNG TY ĐIỆN LỰC THÀNH PHỐ HỒ CHÍ MINH | E487: 102546720 | G487: THANH5DT.HCM.VTA | H487: Post | I487: =IF(LEN(A487)=5,E487,0) -> 102546720 | J487: =IF(LEFT(A487,11)="Tài khoản: ",MID(A487,12,5),J486) -> 13313
A488: 46173 | B488: '1361 | C488: GL | D488: Thuế GTGT VTĐĐ- hđơn 666-11.05.26-TỔNG CÔNG TY ĐIỆN LỰC THÀNH PHỐ HỒ CHÍ MINH | E488: 25728000 | G488: THANH5DT.HCM.VTA | H488: Post | I488: =IF(LEN(A488)=5,E488,0) -> 25728000 | J488: =IF(LEFT(A488,11)="Tài khoản: ",MID(A488,12,5),J487) -> 13313
A489: 46173 | B489: '1361 | C489: GL | D489: Thuế GTGT VTĐĐ- hđơn 681-13.05.26-TỔNG CÔNG TY ĐIỆN LỰC THÀNH PHỐ HỒ CHÍ MINH | E489: 102912000 | G489: THANH5DT.HCM.VTA | H489: Post | I489: =IF(LEN(A489)=5,E489,0) -> 102912000 | J489: =IF(LEFT(A489,11)="Tài khoản: ",MID(A489,12,5),J488) -> 13313
A490: 46173 | B490: '1365 | C490: GL | D490: CT25018 - VAT hóa đơn 6403/04.12.25 cty TNĐLTPHCM Kê khai VAT đầu vào XDCB giải trừ TK 13895 tháng 5.2026 | E490: 51217 | G490: LINH3NTT.HCM.VTA | H490: Post | I490: =IF(LEN(A490)=5,E490,0) -> 51217 | J490: =IF(LEFT(A490,11)="Tài khoản: ",MID(A490,12,5),J489) -> 13313
A491: 46173 | B491: '1365 | C491: GL | D491: CT25018 - VAT hóa đơn 7022/25.12.25 cty TNĐLTPHCM Kê khai VAT đầu vào XDCB giải trừ TK 13895 tháng 5.2026 | E491: 1238589 | G491: LINH3NTT.HCM.VTA | H491: Post | I491: =IF(LEN(A491)=5,E491,0) -> 1238589 | J491: =IF(LEFT(A491,11)="Tài khoản: ",MID(A491,12,5),J490) -> 13313
A492: 46173 | B492: '1365 | C492: GL | D492: CT25018 - VAT hóa đơn 7308/31.12.25 cty TNĐLTPHCM Kê khai VAT đầu vào XDCB giải trừ TK 13895 tháng 5.2026 | E492: 704963 | G492: LINH3NTT.HCM.VTA | H492: Post | I492: =IF(LEN(A492)=5,E492,0) -> 704963 | J492: =IF(LEFT(A492,11)="Tài khoản: ",MID(A492,12,5),J491) -> 13313
A493: 46173 | B493: '1365 | C493: GL | D493: CT25018 - VAT hóa đơn 7021/25.12.25 cty TNĐLTPHCM Kê khai VAT đầu vào XDCB giải trừ TK 13895 tháng 5.2026 | E493: 1238589 | G493: LINH3NTT.HCM.VTA | H493: Post | I493: =IF(LEN(A493)=5,E493,0) -> 1238589 | J493: =IF(LEFT(A493,11)="Tài khoản: ",MID(A493,12,5),J492) -> 13313
A494: 46173 | B494: '1365 | C494: GL | D494: CT25018 - VAT hóa đơn 7020/25.12.25 cty TNĐLTPHCM Kê khai VAT đầu vào XDCB giải trừ TK 13895 tháng 5.2026 | E494: 11130053 | G494: LINH3NTT.HCM.VTA | H494: Post | I494: =IF(LEN(A494)=5,E494,0) -> 11130053 | J494: =IF(LEFT(A494,11)="Tài khoản: ",MID(A494,12,5),J493) -> 13313
A495: 46173 | B495: '1365 | C495: GL | D495: CT25018 - VAT hóa đơn 5250/14.10.25 cty TNĐLTPHCM Kê khai VAT đầu vào XDCB giải trừ TK 13895 tháng 5.2026 | E495: 11885477 | G495: LINH3NTT.HCM.VTA | H495: Post | I495: =IF(LEN(A495)=5,E495,0) -> 11885477 | J495: =IF(LEFT(A495,11)="Tài khoản: ",MID(A495,12,5),J494) -> 13313
A496: 46173 | B496: '1365 | C496: GL | D496: Kết chuyển TK13313_9000 qua TK 333111 | F496: 26248888 | G496: LINH3NTT.HCM.VTA | H496: Post | I496: =IF(LEN(A496)=5,E496,0) -> 0 | J496: =IF(LEFT(A496,11)="Tài khoản: ",MID(A496,12,5),J495) -> 13313
A497: 46173 | B497: '1369 | C497: GL | D497: Kết chuyển thuế GTGT tháng 5 CTXDCB | F497: 218813875 | G497: HIENNTK.HCM.VTA | H497: Post | I497: =IF(LEN(A497)=5,E497,0) -> 0 | J497: =IF(LEFT(A497,11)="Tài khoản: ",MID(A497,12,5),J496) -> 13313
A498: 46173 | B498: '1369 | C498: GL | D498: Kê khai thuế GTGT hóa đơn 124 /08.08.26- Cty tư vấn điện miền nam | E498: -2996294 | G498: HIENNTK.HCM.VTA | H498: Post | I498: =IF(LEN(A498)=5,E498,0) -> -2996294 | J498: =IF(LEFT(A498,11)="Tài khoản: ",MID(A498,12,5),J497) -> 13313
A499: 46173 | B499: '1369 | C499: GL | D499: Kê khai thuế GTGT hóa đơn 38 /22.04.26- Cty Tâm Tiến | E499: 177673281 | G499: HIENNTK.HCM.VTA | H499: Post | I499: =IF(LEN(A499)=5,E499,0) -> 177673281 | J499: =IF(LEFT(A499,11)="Tài khoản: ",MID(A499,12,5),J498) -> 13313
A500: 46173 | B500: '1369 | C500: GL | D500: Kê khai thuế GTGT hóa đơn 160 /31.03.26- Cty kiểm toán ATAX | E500: 3400000 | G500: HIENNTK.HCM.VTA | H500: Post | I500: =IF(LEN(A500)=5,E500,0) -> 3400000 | J500: =IF(LEFT(A500,11)="Tài khoản: ",MID(A500,12,5),J499) -> 13313
A501: 46173 | B501: '1369 | C501: GL | D501: Kê khai thuế GTGT hóa đơn 161 /31.03.26- Cty kiểm toán ATAX | E501: 10296296 | G501: HIENNTK.HCM.VTA | H501: Post | I501: =IF(LEN(A501)=5,E501,0) -> 10296296 | J501: =IF(LEFT(A501,11)="Tài khoản: ",MID(A501,12,5),J500) -> 13313
A502: 46173 | B502: '1369 | C502: GL | D502: Kê khai thuế GTGT hóa đơn 162 /31.03.26- Cty kiểm toán ATAX | E502: 9333333 | G502: HIENNTK.HCM.VTA | H502: Post | I502: =IF(LEN(A502)=5,E502,0) -> 9333333 | J502: =IF(LEFT(A502,11)="Tài khoản: ",MID(A502,12,5),J501) -> 13313
A503: 46173 | B503: '1369 | C503: GL | D503: Kê khai thuế GTGT hóa đơn 209 /04.05.26- Cty kiểm toán ATAX | E503: 4451852 | G503: HIENNTK.HCM.VTA | H503: Post | I503: =IF(LEN(A503)=5,E503,0) -> 4451852 | J503: =IF(LEFT(A503,11)="Tài khoản: ",MID(A503,12,5),J502) -> 13313
A504: 46173 | B504: '1369 | C504: GL | D504: Kê khai thuế GTGT hóa đơn 208 /04.05.26- Cty kiểm toán ATAX | E504: 5777778 | G504: HIENNTK.HCM.VTA | H504: Post | I504: =IF(LEN(A504)=5,E504,0) -> 5777778 | J504: =IF(LEFT(A504,11)="Tài khoản: ",MID(A504,12,5),J503) -> 13313
A505: 46173 | B505: '1369 | C505: GL | D505: Kê khai thuế GTGT hóa đơn 367 /04.05.26- Cty kiểm toán Việt Úc | E505: 5486222 | G505: HIENNTK.HCM.VTA | H505: Post | I505: =IF(LEN(A505)=5,E505,0) -> 5486222 | J505: =IF(LEFT(A505,11)="Tài khoản: ",MID(A505,12,5),J504) -> 13313
A506: 46173 | B506: '1369 | C506: GL | D506: Kê khai thuế GTGT hóa đơn 71 /04.05.26- Cty kiểm toán PNT | E506: 5391407 | G506: HIENNTK.HCM.VTA | H506: Post | I506: =IF(LEN(A506)=5,E506,0) -> 5391407 | J506: =IF(LEFT(A506,11)="Tài khoản: ",MID(A506,12,5),J505) -> 13313
A507: 46173 | B507: '1373 | C507: GL | D507: Kê khai thuế GTGT tháng 5 | F507: 122327822 | G507: HIENNTK.HCM.VTA | H507: Post | I507: =IF(LEN(A507)=5,E507,0) -> 0 | J507: =IF(LEFT(A507,11)="Tài khoản: ",MID(A507,12,5),J506) -> 13313
A508: 46173 | B508: '1373 | C508: GL | D508: Kê khai thuế GTGT hóa đơn 01/ 02.02.26 -cty Hùng Phát Vũng Tàu | E508: 3325027 | G508: HIENNTK.HCM.VTA | H508: Post | I508: =IF(LEN(A508)=5,E508,0) -> 3325027 | J508: =IF(LEFT(A508,11)="Tài khoản: ",MID(A508,12,5),J507) -> 13313
A509: 46173 | B509: '1373 | C509: GL | D509: Kê khai thuế GTGT hóa đơn 20/ 22.05.26 -cty Sang Phương Nam | E509: 119002795 | G509: HIENNTK.HCM.VTA | H509: Post | I509: =IF(LEN(A509)=5,E509,0) -> 119002795 | J509: =IF(LEFT(A509,11)="Tài khoản: ",MID(A509,12,5),J508) -> 13313
A510: 46173 | B510: '1656 | C510: GL | D510: K/C Thuế GTGT VTTB ĐĐ ĐTXD T5/2026 | F510: 1417502240 | G510: TUAN2HM.HCM.VTA | H510: Unpost
D511: Cộng phát sinh | E511: 1785491138 | F511: 1785491138
D512: Dư cuối kỳ
D513: Tổng Dư đầu kỳ | E513: 79821540914
D514: Tổng Cộng phát sinh | E514: 107480736306 | F514: 108965015793
D515: Tổng Dư cuối kỳ | E515: 78337261427
A517: TP. Hồ Chí Minh, ngày ..... tháng ..... năm ..........
A520: EVN_TA_030, người in: TUAN2HM.HCM.VTA, ngày in: 11/06/2026 16:35:08.
K554: x
L879: =F882-E882 -> 0
K883: Đầu kỳ SPC ko được khấu trừ | L883: 60549888887
K884: Đàu kỳ HCM còn được khấu trừ | L884: =E883-L883 -> -60549888887
K918: x

Sheet Nhom TC
A1: CÔNG TY ĐIỆN LỰC VŨNG TÀU | E1: CỘNG HÒA XÃ HỘI CHỦ NGHĨA VIỆT NAM | N1: TRONGTHANG | O1: =SUMIF($L:$L,$N1,$K:$K) -> 158073900
A2: ĐỘI QUẢN LÝ THU GHI | E2: Độc Lập - Tự Do - Hạnh Phúc | N2: CUOITHANG | O2: =SUMIF($L$9:$L$15,N2,$K$9:$K$15) -> 95871352
O3: =SUM(O1:O2) -> 253945252
E4: Vũng Tàu, ngày 04 tháng 06 năm 2026 | N4: TD | O4: =K15 -> 253945252
N5: VC
A6: BẢNG KÊ SẢN LƯỢNG TIÊU THỤ VÀ TIỀN ĐIỆN CỦA Công Ty TNHH Nhôm Toàn Cầu Việt Nam Thuế GTGT 0%
A8: STT | B8: Mã Khách Hàng | C8: Danh Số | D8: Địa Chỉ | E8: Kỳ/Tháng/Năm | F8: Ngày phát hành | G8: Loại HĐ | H8: Điện Tiêu Thụ | I8: Tiền PS | J8: Thuế PS | K8: Tổng Tiền
A9: 1 | B9: PB15040049659 | C9: AW06880 | D9: KCN Mỹ Xuân, huyện Tân Thành, tỉnh BRVT | E9: 01/05/2026 | F9: 46153 | G9: TD | H9: 10600 | I9: 20382100 | J9: 0 | K9: =I9 -> 20382100 | L9: TRONGTHANG
E10: 02/05/2026 | F10: 21/05/2026 | G10: TD | H10: 11900 | I10: 23483200 | J10: 0 | K10: =I10 -> 23483200 | L10: TRONGTHANG
E11: 03/05/2026 | F11: 46175 | G11: TD | H11: 16219 | I11: 32234988 | J11: 0 | K11: =I11 -> 32234988 | L11: CUOITHANG
A12: 2 | B12: PB15040050211 | C12: AW06890 | D12: KCN Mỹ Xuân, huyện Tân Thành, tỉnh BRVT | E12: 01/05/2026 | F12: 46153 | G12: TD | H12: 27100 | I12: 53062600 | J12: 0 | K12: =I12 -> 53062600 | L12: TRONGTHANG
E13: 02/05/2026 | F13: 21/05/2026 | G13: TD | H13: 30400 | I13: 61146000 | J13: 0 | K13: =I13 -> 61146000 | L13: TRONGTHANG
E14: 03/05/2026 | F14: 46175 | G14: TD | H14: 32355 | I14: 63636364 | J14: 0 | K14: =I14 -> 63636364 | L14: CUOITHANG
A15: Tổng Cộng | H15: =SUM(H9:H14) -> 128574 | I15: =SUM(I9:I14) -> 253945252 | K15: =SUM(K9:K14) -> 253945252
A16: {=[2]!vnd(K15)} -> #NAME?
A18: LẬP BIỂU | E18: ĐỘI QUẢN LÝ THU GHI | I18: KT GIÁM ĐỐC
I19: PHÓ GIÁM ĐỐC
A25: Phạm Quốc Việt | E25: Nguyễn Xuân Quang | I25: Đặng Quang Trung

Sheet 133111
A1: TỔNG CÔNG TY ĐIỆN LỰC THÀNH PHỐ HỒ CHÍ MINH TNHH
A2: CHI NHÁNH TỔNG CÔNG TY ĐIỆN LỰC THÀNH PHỐ HỒ CHÍ MINH TNHH - CÔNG TY ĐIỆN LỰC VŨNG TÀU
A3: SỔ CHI TIẾT THEO TÀI KHOẢN THUẾ
A4: Tài khoản: 13311 - Thuế GTGT được khấu trừ – Thuế GTGT được khấu trừ của hàng hoá, dịch vụ – Sản phẩm điện
A5: Loại hình: -
A6: Từ ngày: 01/05/2026 đến ngày: 31/05/2026
A9: CHỨNG TỪ | D9: DIỄN GIẢI | E9: PHÁT SINH NỢ | F9: PHÁT SINH CÓ | G9: Người hạch toán | H9: Trạng thái
A10: Ngày chứng từ | B10: Số chứng từ | C10: Nguồn chứng từ
A11: Tài khoản: 13311000000 | D11: Dư đầu kỳ | E11: 79821540914
A12: 46149 | B12: 'R0526ĐTT0300 | C12: AR_REC | D12: Chuyển trả phí chuyển tiền T05/2026 BIDV HĐS 00013363-07/05/2026 | E12: 70000 | G12: QUYENNN.HCM.VTA | H12: Final to Post
A13: 46150 | B13: 'R0526SC0481 | C13: AR_REC | D13: Chuyển TT tiền dịch vụ bảo vệ T4/26 cho CTy Chính Tín Nghĩa theo Hđơn 42-30/04/26 | E13: 10240000 | G13: HUENT.HCM.VTA | H13: Final to Post
A14: 46150 | B14: 'R0526ĐTT0304 | C14: AR_REC | D14: Chuyển trả phí quản lý tài khoản T05/2026+duy trì dịch vụ T04/2026 BIDV HĐS 00013831-08/05/2026 | E14: 10000 | G14: QUYENNN.HCM.VTA | H14: Final to Post
A15: 46156 | B15: 'R0526ĐTT0316 | C15: AR_REC | D15: Chuyển trả phí chuyển tiền PCVT chuyển từ tk chuyên thu tiền điện sang tk thu chi SXK T03+04/2026 theo tờ trình số 28 TCKT ngày 12/05/2026 qua NH Đầu Tư | E15: 2000 | G15: QUYENNN.HCM.VTA | H15: Final to Post
A16: 46157 | B16: 'R0526SC0495 | C16: AR_REC | D16: Thanh toán chi phí mua teabreak Hội nghị sơ kết công tác KD&DVKh Q1-26 - Hóa đơn 8599/09.12.2025 | E16: 548149 | G16: THAOPTT.HCM.VTA | H16: Final to Post
A17: 46157 | B17: 'R0526ĐTT0321 | C17: AR_REC | D17: Chuyển trả phí chuyển tiền T05/2026 NH BIDV HĐS 00014216-15/05/2026 | E17: 70000 | G17: QUYENNN.HCM.VTA | H17: Final to Post
A18: 46165 | B18: 'R0526AG028 | C18: AR_REC | D18: Thanh toán phí QLTK AGR Điện MTMN T05-2026 | E18: 1500 | G18: THAOPTT.HCM.VTA | H18: Final to Post
A19: 46165 | B19: 'R0526NNT0337 | C19: AR_REC | D19: Chuyển trả phí quản lý tk T05/2026 NH Nông Nghiệp HĐS 00246799-23/05/2026 | E19: 1500 | G19: QUYENNN.HCM.VTA | H19: Final to Post
A20: 46168 | B20: 'R0526ĐTT0345 | C20: AR_REC | D20: Chuyển trả phí chuyển tiền T05/2026 BIDV HĐS 00014767 ngày 26/05/2026 | E20: 70000 | G20: QUYENNN.HCM.VTA | H20: Final to Post
A21: 46169 | B21: 'C0526C152 | C21: AR_REC | D21: Thanh toán tiền đặt ăn tiếp đoàn phóng viên EVNEIC đi truyền hình thực tế - Hóa đơn 2485/15.05.26 | E21: 351102 | G21: THAOPTT.HCM.VTA | H21: Final to Post
A22: 46169 | B22: 'C0526C153 | C22: AR_REC | D22: Thanh toán tiền mua ắc quy xe 72C-217.64 hóa đơn 136/20.05.26 | E22: 85185 | G22: THAOPTT.HCM.VTA | H22: Final to Post
A23: 46169 | B23: 'C0526C154 | C23: AR_REC | D23: Thanh toán chi phí lưu trú tham gia đào tạo "Biên tập dữ liệu lưới trên hệ thống GIS cho 05 PC thành lập mới" - Hóa đơn 84/31.01.26 | E23: 248000 | G23: THAOPTT.HCM.VTA | H23: Final to Post
... A469: 46173 | B469: '1391 | C469: GL | D469: Khai thuế GTGT T05.26 (HD654-06.05.26_điện mua NB Tcty) | E469: 103359678984 | G469: TUAN2HM.HCM.VTA | H469: Post
A470: 46173 | B470: '1492 | C470: GL | D470: Kết chuyển thuế GTGT từ 1331 về 3331 tháng 05/2026 | F470: 108965015793 | G470: TUAN2HM.HCM.VTA | H470: Post
D471: Cộng phát sinh | E471: 105695245168 | F471: 108965015793
D472: Dư cuối kỳ | E472: 76551770289
D473: Tổng Dư đầu kỳ | E473: 79821540914
D474: Tổng Cộng phát sinh | E474: 105695245168 | F474: 108965015793
D475: Tổng Dư cuối kỳ | E475: 76551770289
A477: TP. Hồ Chí Minh, ngày ..... tháng ..... năm ..........
E478: 1785491138
E479: =E478+E471 -> 107480736306
A480: EVN_TA_030, người in: TUAN2HM.HCM.VTA, ngày in: 11/06/2026 11:25:29.

Sheet 13313
A1: TỔNG CÔNG TY ĐIỆN LỰC THÀNH PHỐ HỒ CHÍ MINH TNHH
A2: CHI NHÁNH TỔNG CÔNG TY ĐIỆN LỰC THÀNH PHỐ HỒ CHÍ MINH TNHH - CÔNG TY ĐIỆN LỰC VŨNG TÀU
A3: SỔ CHI TIẾT THEO TÀI KHOẢN THUẾ
A4: Tài khoản: 13313 - Thuế GTGT được khấu trừ –Thuế GTGT được khấu trừ của hàng hoá, dịch vụ – Sản phẩm SX khác
A5: Loại hình: -
A6: Từ ngày: 01/05/2026 đến ngày: 31/05/2026
A9: CHỨNG TỪ | D9: DIỄN GIẢI | E9: PHÁT SINH NỢ | F9: PHÁT SINH CÓ | G9: Người hạch toán | H9: Trạng thái
A10: Ngày chứng từ | B10: Số chứng từ | C10: Nguồn chứng từ
A11: Tài khoản: 13313000000 | D11: Dư đầu kỳ
A12: 46173 | B12: '1359 | C12: GL | D12: Kê khai VAT đầu vào tháng 5.26(XDCB) phí DVNH BIDV hóa đơn 14549/22.05.26 | E12: 314617 | G12: LINH3NTT.HCM.VTA | H12: Post
A13: 46173 | B13: '1359 | C13: GL | D13: Kê khai VAT đầu vào tháng 5.26(XDCB) phí DVNH BIDV hóa đơn 14137/14.05.26 | E13: 87008 | G13: LINH3NTT.HCM.VTA | H13: Post
A14: 46173 | B14: '1359 | C14: GL | D14: Kê khai VAT đầu vào tháng 5.26(XDCB) phí DVNH BIDV hóa đơn 13830/08.05.26 | E14: 5000 | G14: LINH3NTT.HCM.VTA | H14: Post
A15: 46173 | B15: '1359 | C15: GL | D15: Kê khai VAT đầu vào tháng 5.26(XDCB) phí DVNH BIDV hóa đơn 14765/26.05.26 | E15: 24381 | G15: LINH3NTT.HCM.VTA | H15: Post
A16: 46173 | B16: '1359 | C16: GL | D16: Kê khai VAT đầu vào tháng 5.26(XDCB) phí DVNH ACB hóa đơn 23620037/04.05.26 | E16: 2727 | G16: LINH3NTT.HCM.VTA | H16: Post
A17: 46173 | B17: '1359 | C17: GL | D17: Kê khai VAT đầu vào tháng 5.26(XDCB) phí DVNH BIDV hóa đơn /29.05.26 | E17: 149456 | G17: LINH3NTT.HCM.VTA | H17: Post
A18: 46173 | B18: '1359 | C18: GL | D18: Kê khai VAT đầu vào tháng 5.26(XDCB) phí DVNH BIDV hóa đơn 14855/28.05.26 | E18: 15124 | G18: LINH3NTT.HCM.VTA | H18: Post
A19: 46173 | B19: '1359 | C19: GL | D19: Kết chuyển TK 13313_9000 qua TK 333111 | F19: 598313 | G19: LINH3NTT.HCM.VTA | H19: Post
A20: 46173 | B20: '1361 | C20: GL | D20: Thuế GTGT VTĐĐ- hđơn 760-26.05.26-TỔNG CÔNG TY ĐIỆN LỰC THÀNH PHỐ HỒ CHÍ MINH | E20: 376000000 | G20: THANH5DT.HCM.VTA | H20: Post
A21: 46173 | B21: '1361 | C21: GL | D21: Thuế GTGT VTĐĐ- hđơn 761-26.05.26-TỔNG CÔNG TY ĐIỆN LỰC THÀNH PHỐ HỒ CHÍ MINH | E21: 376000000 | G21: THANH5DT.HCM.VTA | H21: Post
A22: 46173 | B22: '1361 | C22: GL | D22: Thuế GTGT VTĐĐ- hđơn 752-25.05.26-TỔNG CÔNG TY ĐIỆN LỰC THÀNH PHỐ HỒ CHÍ MINH | E22: 144771840 | G22: THANH5DT.HCM.VTA | H22: Post
A23: 46173 | B23: '1361 | C23: GL | D23: Thuế GTGT VTĐĐ- hđơn 762-26.05.26-TỔNG CÔNG TY ĐIỆN LỰC THÀNH PHỐ HỒ CHÍ MINH | E23: 289543680 | G23: THANH5DT.HCM.VTA | H23: Post
A24: 46173 | B24: '1361 | C24: GL | D24: Thuế GTGT VTĐĐ- hđơn 780-27.05.26-TỔNG CÔNG TY ĐIỆN LỰC THÀNH PHỐ HỒ CHÍ MINH | E24: 102546720 | G24: THANH5DT.HCM.VTA | H24: Post
A25: 46173 | B25: '1361 | C25: GL | D25: Thuế GTGT VTĐĐ- hđơn 666-11.05.26-TỔNG CÔNG TY ĐIỆN LỰC THÀNH PHỐ HỒ CHÍ MINH | E25: 25728000 | G25: THANH5DT.HCM.VTA | H25: Post
A26: 46173 | B26: '1361 | C26: GL | D26: Thuế GTGT VTĐĐ- hđơn 681-13.05.26-TỔNG CÔNG TY ĐIỆN LỰC THÀNH PHỐ HỒ CHÍ MINH | E26: 102912000 | G26: THANH5DT.HCM.VTA | H26: Post
A27: 46173 | B27: '1365 | C27: GL | D27: CT25018 - VAT hóa đơn 6403/04.12.25 cty TNĐLTPHCM Kê khai VAT đầu vào XDCB giải trừ TK 13895 tháng 5.2026 | E27: 51217 | G27: LINH3NTT.HCM.VTA | H27: Post
A28: 46173 | B28: '1365 | C28: GL | D28: CT25018 - VAT hóa đơn 7022/25.12.25 cty TNĐLTPHCM Kê khai VAT đầu vào XDCB giải trừ TK 13895 tháng 5.2026 | E28: 1238589 | G28: LINH3NTT.HCM.VTA | H28: Post
A29: 46173 | B29: '1365 | C29: GL | D29: CT25018 - VAT hóa đơn 7308/31.12.25 cty TNĐLTPHCM Kê khai VAT đầu vào XDCB giải trừ TK 13895 tháng 5.2026 | E29: 704963 | G29: LINH3NTT.HCM.VTA | H29: Post
A30: 46173 | B30: '1365 | C30: GL | D30: CT25018 - VAT hóa đơn 7021/25.12.25 cty TNĐLTPHCM Kê khai VAT đầu vào XDCB giải trừ TK 13895 tháng 5.2026 | E30: 1238589 | G30: LINH3NTT.HCM.VTA | H30: Post
A31: 46173 | B31: '1365 | C31: GL | D31: CT25018 - VAT hóa đơn 7020/25.12.25 cty TNĐLTPHCM Kê khai VAT đầu vào XDCB giải trừ TK 13895 tháng 5.2026 | E31: 11130053 | G31: LINH3NTT.HCM.VTA | H31: Post
A32: 46173 | B32: '1365 | C32: GL | D32: CT25018 - VAT hóa đơn 5250/14.10.25 cty TNĐLTPHCM Kê khai VAT đầu vào XDCB giải trừ TK 13895 tháng 5.2026 | E32: 11885477 | G32: LINH3NTT.HCM.VTA | H32: Post
A33: 46173 | B33: '1365 | C33: GL | D33: Kết chuyển TK13313_9000 qua TK 333111 | F33: 26248888 | G33: LINH3NTT.HCM.VTA | H33: Post
A34: 46173 | B34: '1369 | C34: GL | D34: Kết chuyển thuế GTGT tháng 5 CTXDCB | F34: 218813875 | G34: HIENNTK.HCM.VTA | H34: Post
A35: 46173 | B35: '1369 | C35: GL | D35: Kê khai thuế GTGT hóa đơn 124 /08.08.26- Cty tư vấn điện miền nam | E35: -2996294 | G35: HIENNTK.HCM.VTA | H35: Post
A36: 46173 | B36: '1369 | C36: GL | D36: Kê khai thuế GTGT hóa đơn 38 /22.04.26- Cty Tâm Tiến | E36: 177673281 | G36: HIENNTK.HCM.VTA | H36: Post
A37: 46173 | B37: '1369 | C37: GL | D37: Kê khai thuế GTGT hóa đơn 160 /31.03.26- Cty kiểm toán ATAX | E37: 3400000 | G37: HIENNTK.HCM.VTA | H37: Post
A38: 46173 | B38: '1369 | C38: GL | D38: Kê khai thuế GTGT hóa đơn 161 /31.03.26- Cty kiểm toán ATAX | E38: 10296296 | G38: HIENNTK.HCM.VTA | H38: Post
A39: 46173 | B39: '1369 | C39: GL | D39: Kê khai thuế GTGT hóa đơn 162 /31.03.26- Cty kiểm toán ATAX | E39: 9333333 | G39: HIENNTK.HCM.VTA | H39: Post
A40: 46173 | B40: '1369 | C40: GL | D40: Kê khai thuế GTGT hóa đơn 209 /04.05.26- Cty kiểm toán ATAX | E40: 4451852 | G40: HIENNTK.HCM.VTA | H40: Post
A41: 46173 | B41: '1369 | C41: GL | D41: Kê khai thuế GTGT hóa đơn 208 /04.05.26- Cty kiểm toán ATAX | E41: 5777778 | G41: HIENNTK.HCM.VTA | H41: Post
A42: 46173 | B42: '1369 | C42: GL | D42: Kê khai thuế GTGT hóa đơn 367 /04.05.26- Cty kiểm toán Việt Úc | E42: 5486222 | G42: HIENNTK.HCM.VTA | H42: Post
A43: 46173 | B43: '1369 | C43: GL | D43: Kê khai thuế GTGT hóa đơn 71 /04.05.26- Cty kiểm toán PNT | E43: 5391407 | G43: HIENNTK.HCM.VTA | H43: Post
A44: 46173 | B44: '1373 | C44: GL | D44: Kê khai thuế GTGT tháng 5 | F44: 122327822 | G44: HIENNTK.HCM.VTA | H44: Post
A45: 46173 | B45: '1373 | C45: GL | D45: Kê khai thuế GTGT hóa đơn 01/ 02.02.26 -cty Hùng Phát Vũng Tàu | E45: 3325027 | G45: HIENNTK.HCM.VTA | H45: Post
A46: 46173 | B46: '1373 | C46: GL | D46: Kê khai thuế GTGT hóa đơn 20/ 22.05.26 -cty Sang Phương Nam | E46: 119002795 | G46: HIENNTK.HCM.VTA | H46: Post
A47: 46173 | B47: '1656 | C47: GL | D47: K/C Thuế GTGT VTTB ĐĐ ĐTXD T5/2026 | F47: 1417502240 | G47: TUAN2HM.HCM.VTA | H47: Unpost
D48: Cộng phát sinh | E48: 1785491138 | F48: 1785491138
D49: Dư cuối kỳ
D50: Tổng Dư đầu kỳ
D51: Tổng Cộng phát sinh | E51: 1785491138 | F51: 1785491138
D52: Tổng Dư cuối kỳ
A54: TP. Hồ Chí Minh, ngày ..... tháng ..... năm ..........
A57: EVN_TA_030, người in: TUAN2HM.HCM.VTA, ngày in: 11/06/2026 11:11:09.
