Workbook

Sheet Sheet1
B2: TỔNG CÔNG TY ĐIỆN LỰC THÀNH PHỐ HỒ CHÍ MINH TNHH
B3: CÔNG TY ĐIỆN LỰC VŨNG TÀU
B5: BÁO CÁO TỔNG HỢP THEO NGÀY GHI CHỈ SỐ
B6: Tháng năm: 7/2025.Loại khách hàng: Tất cả.Loại hợp đồng: Tất cả
A9: STT | B9: Ngày ghi | C9: Số sổ GCS | D9: Số hóa đơn | E9: Ngày phát hành hóa đơn | F9: Điện năng tiêu thụ | I9: Tiền điện tác dụng | J9: Thuế điện tác dụng | K9: Tổng tiền điện tác dụng | L9: Tiền CSPK | M9: Thuế CSPK | N9: Tổng tiền CSPK | O9: Tổng cộng
F10: SH | G10: Ngoài SH | H10: Tổng
A11: Loại hoá đơn : Phát sinh
A12: 1 | B12: 10/07/2025 | C12: 11 | D12: 370 | F12: 1721 | G12: 144453493 | H12: 144455214 | I12: 276825212202 | J12: 22139748798 | K12: 298964961000 | L12: 58230767 | M12: 4658459 | N12: 62889226 | O12: 299027850226
A13: 2 | B13: 15/07/2025 | C13: 6 | D13: 110 | F13: 9397 | G13: 3957595 | H13: 3966992 | I13: 9197290753 | J13: 735783264 | K13: 9933074017 | L13: 124315758 | M13: 9945261 | N13: 134261019 | O13: 10067335036
A14: 3 | B14: 20/07/2025 | C14: 11 | D14: 376 | F14: 1783 | G14: 161438677 | H14: 161440460 | I14: 303878864231 | J14: 24304437120 | K14: 328183301351 | L14: 50250253 | M14: 4020022 | N14: 54270275 | O14: 328237571626
A15: 4 | B15: 31/07/2025 | C15: 2003 | D15: 233057 | F15: 77731741 | G15: 218505264 | H15: 296237005 | I15: 674020164992 | J15: 53914593286 | K15: 727934758278 | L15: 490526540 | M15: 39242120 | N15: 529768660 | O15: 728464526938
A16: Tổng số: | C16: =SUM(C12:C15) -> 2031 | D16: =SUM(D12:D15) -> 233913 | F16: =SUM(F12:F15) -> 77744642 | G16: =SUM(G12:G15) -> 528355029 | H16: =SUM(H12:H15) -> 606099671 | I16: =SUM(I12:I15) -> 1263921532178 | J16: =SUM(J12:J15) -> 101094562468 | K16: =SUM(K12:K15) -> 1365016094646 | L16: =SUM(L12:L15) -> 723323318 | M16: =SUM(M12:M15) -> 57865862 | ... O16: =SUM(O12:O15) -> 1365797283826
A17: Loại hoá đơn : Thoái hoàn
A18: 5 | B18: 15/07/2025 | C18: 1 | D18: 2 | F18: 0 | G18: -26126 | H18: -26126 | I18: -53458751 | J18: -4276700 | K18: -57735451 | L18: 0 | M18: 0 | N18: 0 | O18: -57735451
A19: 6 | B19: 31/07/2025 | C19: 55 | D19: 68 | F19: -48870 | G19: -1130817 | H19: -1179687 | I19: -484796981 | J19: -38783757 | K19: -523580738 | L19: -735643 | M19: -58851 | N19: -794494 | O19: -524375232
A20: Tổng số: | C20: =SUM(C18:C19) -> 56 | D20: =SUM(D18:D19) -> 70 | F20: =SUM(F18:F19) -> -48870 | G20: =SUM(G18:G19) -> -1156943 | H20: =SUM(H18:H19) -> -1205813 | I20: =SUM(I18:I19) -> -538255732 | J20: =SUM(J18:J19) -> -43060457 | K20: =SUM(K18:K19) -> -581316189 | L20: =SUM(L18:L19) -> -735643 | M20: =SUM(M18:M19) -> -58851 | ... O20: =SUM(O18:O19) -> -582110683
A21: Loại hoá đơn : Truy thu
A22: 7 | B22: 10/07/2025 | C22: 2 | D22: 2 | F22: 0 | G22: 0 | H22: 0 | I22: 0 | J22: 0 | K22: 0 | L22: 0 | M22: 0 | N22: 0 | O22: 0
A23: 8 | B23: 15/07/2025 | C23: 1 | D23: 2 | F23: 0 | G23: 26126 | H23: 26126 | I23: 53458751 | J23: 4276700 | K23: 57735451 | L23: 0 | M23: 0 | N23: 0 | O23: 57735451
A24: 9 | B24: 31/07/2025 | C24: 89 | D24: 113 | F24: 55456 | G24: 1102029 | H24: 1157485 | I24: 417369892 | J24: 33389590 | K24: 450759482 | L24: 735643 | M24: 58851 | N24: 794494 | O24: 451553976
A25: Tổng số: | C25: =SUM(C22:C24) -> 92 | D25: =SUM(D22:D24) -> 117 | F25: =SUM(F22:F24) -> 55456 | G25: =SUM(G22:G24) -> 1128155 | H25: =SUM(H22:H24) -> 1183611 | I25: =SUM(I22:I24) -> 470828643 | J25: =SUM(J22:J24) -> 37666290 | K25: =SUM(K22:K24) -> 508494933 | L25: =SUM(L22:L24) -> 735643 | M25: =SUM(M22:M24) -> 58851 | ... O25: =SUM(O22:O24) -> 509289427
A26: Tổng số: | C26: 2179 | D26: 234100 | F26: 77751228 | G26: 528326241 | H26: 606077469 | I26: 1263854105089 | J26: 101089168301 | K26: 1364943273390 | L26: 723323318 | M26: 57865862 | N26: 781189180 | O26: 1365724462570
D27: =D20+D25 -> 187 | O27: =O20+O25 -> -72821256
C29: NV LẬP BIỂU | J29: Tổ trưởng Tổ KTKT | N29: TP Kinh doanh
C34: Hoàng Mỹ Duyên | J34: Huỳnh Thanh Liêm | N34: Lê Xuân Tuấn Tú

Sheet BC
A2: TỔNG CÔNG TY ĐIỆN LỰC THÀNH PHỐ HỒ CHÍ MINH TNHH
A3: CÔNG TY ĐIỆN LỰC VŨNG TÀU
A5: BÁO CÁO TỔNG HỢP THEO NGÀY GHI CHỈ SỐ VÀ PHÁT HÀNH HÓA ĐƠN
A6: Tháng năm: 09/2026
A8: Stt | B8: Ngày ghi | C8: Số sổ GCS | D8: Số hóa đơn | E8: Ngày phát hành hóa đơn | F8: Điện năng tiêu thụ | I8: Tiền điện tác dụng | J8: Thuế điện tác dụng | K8: Tổng tiền điện tác dụng | L8: Tiền CSPK | M8: Thuế CSPK | N8: Tổng tiền CSPK | O8: Tổng cộng
F9: SH | G9: Ngoài SH | H9: Tổng
A10: Loại hoá đơn : Hủy bỏ
A11: 1 | B11: =INDEX('1,8-PH_GCS'!C2:C12,1,1) -> 30/09/2026 | C11: =INDEX('1,8-PH_GCS'!$B2:$N12,1,1) -> 8 | D11: =INDEX('1,8-PH_GCS'!$B2:$N12,1,3) -> 9 | E11: 46295 | F11: =INDEX('1,8-PH_GCS'!$B2:$N12,1,5) -> -8593 | G11: =INDEX('1,8-PH_GCS'!$B2:$N12,1,6) -> -18326 | H11: =INDEX('1,8-PH_GCS'!$B2:$N12,1,4) -> -26919 | I11: =INDEX('1,8-PH_GCS'!$B2:$N12,1,7) -> -90228084 | J11: =INDEX('1,8-PH_GCS'!$B2:$N12,1,8) -> -7218247 | K11: =INDEX('1,8-PH_GCS'!$B2:$N12,1,9) -> -97446331 | L11: =INDEX('1,8-PH_GCS'!$B2:$N12,1,10) -> -896068 | M11: =INDEX('1,8-PH_GCS'!$B2:$N12,1,11) -> -71685 | N11: =INDEX('1,8-PH_GCS'!$B2:$N12,1,12) -> -967753 | O11: =INDEX('1,8-PH_GCS'!$B2:$N12,1,13) -> -98414084
A12: Tổng số | C12: =SUM(C11:C11) -> 8 | D12: =SUM(D11:D11) -> 9 | F12: =SUM(F11:F11) -> -8593 | G12: =SUM(G11:G11) -> -18326 | H12: =SUM(H11:H11) -> -26919 | I12: =SUM(I11:I11) -> -90228084 | J12: =SUM(J11:J11) -> -7218247 | K12: =SUM(K11:K11) -> -97446331 | L12: =SUM(L11:L11) -> -896068 | M12: =SUM(M11:M11) -> -71685 | ... O12: =SUM(O11:O11) -> -98414084
A13: Loại hoá đơn : Lặp lại
A14: 2 | B14: =INDEX('1,8-PH_GCS'!C3:C16,1,1) -> 30/09/2026 | C14: =INDEX('1,8-PH_GCS'!$B3:$N16,1,1) -> 8 | D14: =INDEX('1,8-PH_GCS'!$B3:$N16,1,3) -> 9 | E14: 46295 | F14: =INDEX('1,8-PH_GCS'!$B3:$N16,1,5) -> 1812 | G14: =INDEX('1,8-PH_GCS'!$B3:$N16,1,6) -> 13634 | H14: =INDEX('1,8-PH_GCS'!$B3:$N16,1,4) -> 15446 | I14: =INDEX('1,8-PH_GCS'!$B3:$N16,1,7) -> 54987416 | J14: =INDEX('1,8-PH_GCS'!$B3:$N16,1,8) -> 4398992 | K14: =INDEX('1,8-PH_GCS'!$B3:$N16,1,9) -> 59386408 | L14: =INDEX('1,8-PH_GCS'!$B3:$N16,1,10) -> 0 | M14: =INDEX('1,8-PH_GCS'!$B3:$N16,1,11) -> 0 | N14: =INDEX('1,8-PH_GCS'!$B3:$N16,1,12) -> 0 | O14: =INDEX('1,8-PH_GCS'!$B3:$N16,1,13) -> 59386408
A15: Tổng số: | C15: =SUM(C14:C14) -> 8 | D15: =SUM(D14:D14) -> 9 | F15: =SUM(F14:F14) -> 1812 | G15: =SUM(G14:G14) -> 13634 | H15: =SUM(H14:H14) -> 15446 | I15: =SUM(I14:I14) -> 54987416 | J15: =SUM(J14:J14) -> 4398992 | K15: =SUM(K14:K14) -> 59386408 | L15: =SUM(L14:L14) -> 0 | M15: =SUM(M14:M14) -> 0 | ... O15: =SUM(O14:O14) -> 59386408
A16: Loại hoá đơn : Phát sinh
A17: 3 | B17: =INDEX('1,8-PH_GCS'!C4:C21,1,1) -> 10/09/2026 | C17: =INDEX('1,8-PH_GCS'!$B4:$N21,1,1) -> 21 | D17: =INDEX('1,8-PH_GCS'!$B4:$N21,1,3) -> 450 | E17: 46276 | F17: =INDEX('1,8-PH_GCS'!$B4:$N21,1,5) -> 1677 | G17: =INDEX('1,8-PH_GCS'!$B4:$N21,1,6) -> 158599806 | H17: =INDEX('1,8-PH_GCS'!$B4:$N21,1,4) -> 158601483 | I17: =INDEX('1,8-PH_GCS'!$B4:$N21,1,7) -> 305939385736 | J17: =INDEX('1,8-PH_GCS'!$B4:$N21,1,8) -> 24466693819 | K17: =INDEX('1,8-PH_GCS'!$B4:$N21,1,9) -> 330406079555 | L17: =INDEX('1,8-PH_GCS'!$B4:$N21,1,10) -> 188521298 | M17: =INDEX('1,8-PH_GCS'!$B4:$N21,1,11) -> 15081702 | N17: =INDEX('1,8-PH_GCS'!$B4:$N21,1,12) -> 203603000 | O17: =INDEX('1,8-PH_GCS'!$B4:$N21,1,13) -> 330609682555
A18: 4 | B18: =INDEX('1,8-PH_GCS'!C5:C22,1,1) -> 15/09/2026 | C18: =INDEX('1,8-PH_GCS'!$B5:$N22,1,1) -> 9 | D18: =INDEX('1,8-PH_GCS'!$B5:$N22,1,3) -> 190 | E18: 46281 | F18: =INDEX('1,8-PH_GCS'!$B5:$N22,1,5) -> 9285 | G18: =INDEX('1,8-PH_GCS'!$B5:$N22,1,6) -> 4567698 | H18: =INDEX('1,8-PH_GCS'!$B5:$N22,1,4) -> 4576983 | I18: =INDEX('1,8-PH_GCS'!$B5:$N22,1,7) -> 11196063409 | J18: =INDEX('1,8-PH_GCS'!$B5:$N22,1,8) -> 895685075 | K18: =INDEX('1,8-PH_GCS'!$B5:$N22,1,9) -> 12091748484 | L18: =INDEX('1,8-PH_GCS'!$B5:$N22,1,10) -> 47189941 | M18: =INDEX('1,8-PH_GCS'!$B5:$N22,1,11) -> 3775196 | N18: =INDEX('1,8-PH_GCS'!$B5:$N22,1,12) -> 50965137 | O18: =INDEX('1,8-PH_GCS'!$B5:$N22,1,13) -> 12142713621
A19: 5 | B19: =INDEX('1,8-PH_GCS'!C6:C23,1,1) -> 20/09/2026 | C19: =INDEX('1,8-PH_GCS'!$B6:$N23,1,1) -> 21 | D19: =INDEX('1,8-PH_GCS'!$B6:$N23,1,3) -> 456 | E19: 46286 | F19: =INDEX('1,8-PH_GCS'!$B6:$N23,1,5) -> 1382 | G19: =INDEX('1,8-PH_GCS'!$B6:$N23,1,6) -> 179974564 | H19: =INDEX('1,8-PH_GCS'!$B6:$N23,1,4) -> 179975946 | I19: =INDEX('1,8-PH_GCS'!$B6:$N23,1,7) -> 340503392283 | J19: =INDEX('1,8-PH_GCS'!$B6:$N23,1,8) -> 27232232700 | K19: =INDEX('1,8-PH_GCS'!$B6:$N23,1,9) -> 367735624983 | L19: =INDEX('1,8-PH_GCS'!$B6:$N23,1,10) -> 122527217 | M19: =INDEX('1,8-PH_GCS'!$B6:$N23,1,11) -> 9802181 | N19: =INDEX('1,8-PH_GCS'!$B6:$N23,1,12) -> 132329398 | O19: =INDEX('1,8-PH_GCS'!$B6:$N23,1,13) -> 367867954381
A20: 6 | B20: =INDEX('1,8-PH_GCS'!C7:C24,1,1) -> 30/09/2026 | C20: =INDEX('1,8-PH_GCS'!$B7:$N24,1,1) -> 2030 | D20: =INDEX('1,8-PH_GCS'!$B7:$N24,1,3) -> 237539 | E20: 46297 | F20: =INDEX('1,8-PH_GCS'!$B7:$N24,1,5) -> 77607796 | G20: =INDEX('1,8-PH_GCS'!$B7:$N24,1,6) -> 224896711 | H20: =INDEX('1,8-PH_GCS'!$B7:$N24,1,4) -> 302504507 | I20: =INDEX('1,8-PH_GCS'!$B7:$N24,1,7) -> 678922434286 | J20: =INDEX('1,8-PH_GCS'!$B7:$N24,1,8) -> 54304559408 | K20: =INDEX('1,8-PH_GCS'!$B7:$N24,1,9) -> 733226993694 | L20: =INDEX('1,8-PH_GCS'!$B7:$N24,1,10) -> 556214881 | M20: =INDEX('1,8-PH_GCS'!$B7:$N24,1,11) -> 44497199 | N20: =INDEX('1,8-PH_GCS'!$B7:$N24,1,12) -> 600712080 | O20: =INDEX('1,8-PH_GCS'!$B7:$N24,1,13) -> 733827705774
A21: Tổng số: | C21: =SUM(C17:C20) -> 2081 | D21: =SUM(D17:D20) -> 238635 | F21: =SUM(F17:F20) -> 77620140 | G21: =SUM(G17:G20) -> 568038779 | H21: =SUM(H17:H20) -> 645658919 | I21: =SUM(I17:I20) -> 1336561275714 | J21: =SUM(J17:J20) -> 106899171002 | K21: =SUM(K17:K20) -> 1443460446716 | L21: =SUM(L17:L20) -> 914453337 | M21: =SUM(M17:M20) -> 73156278 | ... O21: =SUM(O17:O20) -> 1444448056331
A22: Loại hoá đơn : Thoái hoàn
A23: 7 | B23: =INDEX('1,8-PH_GCS'!C8:C27,1,1) -> 30/09/2026 | C23: =INDEX('1,8-PH_GCS'!$B8:$N27,1,1) -> 6 | D23: =INDEX('1,8-PH_GCS'!$B8:$N27,1,3) -> 6 | E23: 46295 | F23: =INDEX('1,8-PH_GCS'!$B8:$N27,1,5) -> -3191 | G23: =INDEX('1,8-PH_GCS'!$B8:$N27,1,6) -> -800 | H23: =INDEX('1,8-PH_GCS'!$B8:$N27,1,4) -> -3991 | I23: =INDEX('1,8-PH_GCS'!$B8:$N27,1,7) -> -12575260 | J23: =INDEX('1,8-PH_GCS'!$B8:$N27,1,8) -> -1006021 | K23: =INDEX('1,8-PH_GCS'!$B8:$N27,1,9) -> -13581281 | L23: =INDEX('1,8-PH_GCS'!$B8:$N27,1,10) -> 0 | M23: =INDEX('1,8-PH_GCS'!$B8:$N27,1,11) -> 0 | N23: =INDEX('1,8-PH_GCS'!$B8:$N27,1,12) -> 0 | O23: =INDEX('1,8-PH_GCS'!$B8:$N27,1,13) -> -13581281
A24: Tổng số: | C24: =SUM(C23:C23) -> 6 | D24: =SUM(D23:D23) -> 6 | F24: =SUM(F23:F23) -> -3191 | G24: =SUM(G23:G23) -> -800 | H24: =SUM(H23:H23) -> -3991 | I24: =SUM(I23:I23) -> -12575260 | J24: =SUM(J23:J23) -> -1006021 | K24: =SUM(K23:K23) -> -13581281 | L24: =SUM(L23:L23) -> 0 | M24: =SUM(M23:M23) -> 0 | ... O24: =SUM(O23:O23) -> -13581281
A25: Loại hoá đơn : Truy thu
A26: 8 | B26: =INDEX('1,8-PH_GCS'!C9:C33,1,1) -> 10/09/2026 | C26: =INDEX('1,8-PH_GCS'!$B9:$N33,1,1) -> 3 | D26: =INDEX('1,8-PH_GCS'!$B9:$N33,1,3) -> 6 | E26: 46276 | F26: =INDEX('1,8-PH_GCS'!$B9:$N33,1,5) -> 0 | G26: =INDEX('1,8-PH_GCS'!$B9:$N33,1,6) -> 35252 | H26: =INDEX('1,8-PH_GCS'!$B9:$N33,1,4) -> 35252 | I26: =INDEX('1,8-PH_GCS'!$B9:$N33,1,7) -> 82523432 | J26: =INDEX('1,8-PH_GCS'!$B9:$N33,1,8) -> 6601875 | K26: =INDEX('1,8-PH_GCS'!$B9:$N33,1,9) -> 89125307 | L26: =INDEX('1,8-PH_GCS'!$B9:$N33,1,10) -> 0 | M26: =INDEX('1,8-PH_GCS'!$B9:$N33,1,11) -> 0 | N26: =INDEX('1,8-PH_GCS'!$B9:$N33,1,12) -> 0 | O26: =INDEX('1,8-PH_GCS'!$B9:$N33,1,13) -> 89125307
A27: 9 | B27: =INDEX('1,8-PH_GCS'!C10:C34,1,1) -> 15/09/2026 | C27: =INDEX('1,8-PH_GCS'!$B10:$N34,1,1) -> 1 | D27: =INDEX('1,8-PH_GCS'!$B10:$N34,1,3) -> 1 | E27: 46281 | F27: =INDEX('1,8-PH_GCS'!$B10:$N34,1,5) -> 0 | G27: =INDEX('1,8-PH_GCS'!$B10:$N34,1,6) -> 0 | H27: =INDEX('1,8-PH_GCS'!$B10:$N34,1,4) -> 0 | I27: =INDEX('1,8-PH_GCS'!$B10:$N34,1,7) -> 0 | J27: =INDEX('1,8-PH_GCS'!$B10:$N34,1,8) -> 0 | K27: =INDEX('1,8-PH_GCS'!$B10:$N34,1,9) -> 0 | L27: =INDEX('1,8-PH_GCS'!$B10:$N34,1,10) -> 0 | M27: =INDEX('1,8-PH_GCS'!$B10:$N34,1,11) -> 0 | N27: =INDEX('1,8-PH_GCS'!$B10:$N34,1,12) -> 0 | O27: =INDEX('1,8-PH_GCS'!$B10:$N34,1,13) -> 0
A28: 10 | B28: =INDEX('1,8-PH_GCS'!C11:C35,1,1) -> 30/09/2026 | C28: =INDEX('1,8-PH_GCS'!$B11:$N35,1,1) -> 17 | D28: =INDEX('1,8-PH_GCS'!$B11:$N35,1,3) -> 24 | E28: 46297 | F28: =INDEX('1,8-PH_GCS'!$B11:$N35,1,5) -> 20532 | G28: =INDEX('1,8-PH_GCS'!$B11:$N35,1,6) -> 102389 | H28: =INDEX('1,8-PH_GCS'!$B11:$N35,1,4) -> 122921 | I28: =INDEX('1,8-PH_GCS'!$B11:$N35,1,7) -> 414704832 | J28: =INDEX('1,8-PH_GCS'!$B11:$N35,1,8) -> 33176388 | K28: =INDEX('1,8-PH_GCS'!$B11:$N35,1,9) -> 447881220 | L28: =INDEX('1,8-PH_GCS'!$B11:$N35,1,10) -> 0 | M28: =INDEX('1,8-PH_GCS'!$B11:$N35,1,11) -> 0 | N28: =INDEX('1,8-PH_GCS'!$B11:$N35,1,12) -> 0 | O28: =INDEX('1,8-PH_GCS'!$B11:$N35,1,13) -> 447881220
A29: Tổng số: | C29: =SUM(C26:C28) -> 21 | D29: =SUM(D26:D28) -> 31 | F29: =SUM(F26:F28) -> 20532 | G29: =SUM(G26:G28) -> 137641 | H29: =SUM(H26:H28) -> 158173 | I29: =SUM(I26:I28) -> 497228264 | J29: =SUM(J26:J28) -> 39778263 | K29: =SUM(K26:K28) -> 537006527 | L29: =SUM(L26:L28) -> 0 | M29: =SUM(M26:M28) -> 0 | ... O29: =SUM(O26:O28) -> 537006527
A30: Tổng số: | C30: =C12+C15+C21+C24+C29 -> 2124 | D30: =D12+D15+D21+D24+D29 -> 238690 | F30: =F12+F15+F21+F24+F29 -> 77630700 | G30: =G12+G15+G21+G24+G29 -> 568170928 | H30: =H12+H15+H21+H24+H29 -> 645801628 | I30: =I12+I15+I21+I24+I29 -> 1337010688050 | J30: =J12+J15+J21+J24+J29 -> 106935123989 | K30: =K12+K15+K21+K24+K29 -> 1443945812039 | L30: =L12+L15+L21+L24+L29 -> 913557269 | M30: =M12+M15+M21+M24+M29 -> 73084593 | ... O30: =O12+O15+O21+O24+O29 -> 1444932453901
L32: Vủng Tàu, ngày 05 tháng 10 năm 2026
B34: LẬP BIỂU | I34: ĐỘI QUẢN LÝ THU GHI | M34: KT GIÁM ĐỐC
M35: PHÓ GIÁM ĐỐC
B43: Phạm Quốc Việt | I43: Nguyễn Xuân Quang | M43: Đặng Quang Trung

Sheet 1,8-PH_GCS
A1: LOAI_PSINH | B1: SO_SOGCS | C1: NGAY_GCS | D1: SO_HDON | E1: DIEN_TTHU | F1: DIEN_TTHU_SH | G1: DIEN_TTHU_NSH | H1: SO_TIEN_HC | I1: TIEN_GTGT_HC | J1: TONG_TIEN_HC | K1: SO_TIEN_VC | L1: TIEN_GTGT_VC | M1: TONG_TIEN_VC | N1: TONG_TIEN
A2: Huy bo | B2: 8 | C2: 30/09/2026 | D2: 9 | E2: -26919 | F2: -8593 | G2: -18326 | H2: -90228084 | I2: -7218247 | J2: -97446331 | K2: -896068 | L2: -71685 | M2: -967753 | N2: -98414084
A3: Lap lai | B3: 8 | C3: 30/09/2026 | D3: 9 | E3: 15446 | F3: 1812 | G3: 13634 | H3: 54987416 | I3: 4398992 | J3: 59386408 | K3: 0 | L3: 0 | M3: 0 | N3: 59386408
A4: Phat sinh | B4: 21 | C4: 10/09/2026 | D4: 450 | E4: 158601483 | F4: 1677 | G4: 158599806 | H4: 305939385736 | I4: 24466693819 | J4: 330406079555 | K4: 188521298 | L4: 15081702 | M4: 203603000 | N4: 330609682555
A5: Phat sinh | B5: 9 | C5: 15/09/2026 | D5: 190 | E5: 4576983 | F5: 9285 | G5: 4567698 | H5: 11196063409 | I5: 895685075 | J5: 12091748484 | K5: 47189941 | L5: 3775196 | M5: 50965137 | N5: 12142713621
A6: Phat sinh | B6: 21 | C6: 20/09/2026 | D6: 456 | E6: 179975946 | F6: 1382 | G6: 179974564 | H6: 340503392283 | I6: 27232232700 | J6: 367735624983 | K6: 122527217 | L6: 9802181 | M6: 132329398 | N6: 367867954381
A7: Phat sinh | B7: 2030 | C7: 30/09/2026 | D7: 237539 | E7: 302504507 | F7: 77607796 | G7: 224896711 | H7: 678922434286 | I7: 54304559408 | J7: 733226993694 | K7: 556214881 | L7: 44497199 | M7: 600712080 | N7: 733827705774
A8: Thoai hoan | B8: 6 | C8: 30/09/2026 | D8: 6 | E8: -3991 | F8: -3191 | G8: -800 | H8: -12575260 | I8: -1006021 | J8: -13581281 | K8: 0 | L8: 0 | M8: 0 | N8: -13581281
A9: Truy thu | B9: 3 | C9: 10/09/2026 | D9: 6 | E9: 35252 | F9: 0 | G9: 35252 | H9: 82523432 | I9: 6601875 | J9: 89125307 | K9: 0 | L9: 0 | M9: 0 | N9: 89125307
A10: Truy thu | B10: 1 | C10: 15/09/2026 | D10: 1 | E10: 0 | F10: 0 | G10: 0 | H10: 0 | I10: 0 | J10: 0 | K10: 0 | L10: 0 | M10: 0 | N10: 0
A11: Truy thu | B11: 17 | C11: 30/09/2026 | D11: 24 | E11: 122921 | F11: 20532 | G11: 102389 | H11: 414704832 | I11: 33176388 | J11: 447881220 | K11: 0 | L11: 0 | M11: 0 | N11: 447881220

Sheet 3,3-HDSS
